0,1,2,3,4,5,6
"('query', '**Question 1:** In the study by Slamon et al. (1987), what specific oncogene was found to correlate with relapse and survival in human breast cancer, and what was the significance of its amplification?')","('expected_ids', ['b26198e3-9070-4c1a-ad96-31a524d27dd4'])","('expected_texts', None)","('retrieved_ids', ['b26198e3-9070-4c1a-ad96-31a524d27dd4', '527724bb-c508-49d3-8da4-6c0d231f63a7', 'd9e088f6-7337-402d-97d8-8a516e0a4175', '65dafcb0-4d22-4fe0-8b1e-62a475adf0d6', '93fa4ef5-7026-4041-b5e1-619f2e88904b'])","('retrieved_texts', ['See discussions, stats, and author profiles for this publication at: https://www.researchgate.net/publication/19364043\nSlamon DJ, Clark GM, Wong SG, Levin WJ, Ullrich A, McGuire WLHuman breast\ncancer: correlation of relapse and survival with ampliﬁcation of the HER-2/neu\noncogene. Science (Wash DC...\nArticle\xa0\xa0in \xa0\xa0Science · February 1987\nDOI: 10.1126/science.3798106\xa0·\xa0Source: PubMed\nCITATIONS\n9,964\nREADS\n28,987\n6 authors, including:\nGary Clark\nGary Clark Statistical Consulting, LLC\n363 PUBLICATIONS\xa0\xa0\xa069,736 CITATIONS\xa0\xa0\xa0\nSEE PROFILE\nSteven G Wong\nUniversity of California, Los Angeles\n24 PUBLICATIONS\xa0\xa0\xa024,943 CITATIONS\xa0\xa0\xa0\nSEE PROFILE\nWendy Levin\nFate Therapeutics, Inc.\n25 PUBLICATIONS\xa0\xa0\xa017,944 CITATIONS\xa0\xa0\xa0\nSEE PROFILE\nAll content following this page was uploaded by Gary Clark on 23 December 2013.\n', 'The title SCIENCE is a \nCopyrightAmerican Association for the Advancement of Science, 1200 New York Avenue NW, Washington, DC 20005. \nScience (print ISSN 0036-8075; online ISSN 1095-9203) is published weekly, except the last week in December, by the\n on January 15, 2007 www.sciencemag.orgDownloaded from \nBIOM 255 (Leffert) – Discussion Feb. 1, 2007', '0 0.6-\n00.\nOX 0.4-\n` 0.2-\namplified(n=52)\nAmplified(n=34)\nA\nNotamplified(n=52)\nAmplified(n=34)\nB\n12 24 36 48 60 72 84\nNotamplified(n=52)\nAmplified(n=11)\n>5copies\nC\nNotamplified(n=52)\nAmplified(n=11)\n>5copies\nD\n12 24 36 48 60 72 84\nTime(months)\nARTICLES 179\n on January 15, 2007 www.sciencemag.orgDownloaded from \nBIOM 255 (Leffert) – Discussion Feb. 1, 2007', 'ARTICLES177\n on January 15, 2007 www.sciencemag.orgDownloaded from \nBIOM 255 (Leffert) – Discussion Feb. 1, 2007', 'SCIENCE,VOL.235\n on January 15, 2007 www.sciencemag.orgDownloaded from \nBIOM 255 (Leffert) – Discussion Feb. 1, 2007\nView publication stats'])","('mode', <RetrievalEvalMode.TEXT: 'text'>)","('metric_dict', {'hit_rate': RetrievalMetricResult(score=1.0, metadata={}), 'mrr': RetrievalMetricResult(score=1.0, metadata={}), 'precision': RetrievalMetricResult(score=0.2, metadata={}), 'recall': RetrievalMetricResult(score=1.0, metadata={}), 'ap': RetrievalMetricResult(score=1.0, metadata={}), 'ndcg': RetrievalMetricResult(score=1.0, metadata={})})"
"('query', '**Question 2:** Based on the context, how many authors contributed to the publication, and which author has the highest number of citations according to the provided information?')","('expected_ids', ['b26198e3-9070-4c1a-ad96-31a524d27dd4'])","('expected_texts', None)","('retrieved_ids', ['527724bb-c508-49d3-8da4-6c0d231f63a7', 'b26198e3-9070-4c1a-ad96-31a524d27dd4', '65dafcb0-4d22-4fe0-8b1e-62a475adf0d6', '93fa4ef5-7026-4041-b5e1-619f2e88904b', 'd9e088f6-7337-402d-97d8-8a516e0a4175'])","('retrieved_texts', ['The title SCIENCE is a \nCopyrightAmerican Association for the Advancement of Science, 1200 New York Avenue NW, Washington, DC 20005. \nScience (print ISSN 0036-8075; online ISSN 1095-9203) is published weekly, except the last week in December, by the\n on January 15, 2007 www.sciencemag.orgDownloaded from \nBIOM 255 (Leffert) – Discussion Feb. 1, 2007', 'See discussions, stats, and author profiles for this publication at: https://www.researchgate.net/publication/19364043\nSlamon DJ, Clark GM, Wong SG, Levin WJ, Ullrich A, McGuire WLHuman breast\ncancer: correlation of relapse and survival with ampliﬁcation of the HER-2/neu\noncogene. Science (Wash DC...\nArticle\xa0\xa0in \xa0\xa0Science · February 1987\nDOI: 10.1126/science.3798106\xa0·\xa0Source: PubMed\nCITATIONS\n9,964\nREADS\n28,987\n6 authors, including:\nGary Clark\nGary Clark Statistical Consulting, LLC\n363 PUBLICATIONS\xa0\xa0\xa069,736 CITATIONS\xa0\xa0\xa0\nSEE PROFILE\nSteven G Wong\nUniversity of California, Los Angeles\n24 PUBLICATIONS\xa0\xa0\xa024,943 CITATIONS\xa0\xa0\xa0\nSEE PROFILE\nWendy Levin\nFate Therapeutics, Inc.\n25 PUBLICATIONS\xa0\xa0\xa017,944 CITATIONS\xa0\xa0\xa0\nSEE PROFILE\nAll content following this page was uploaded by Gary Clark on 23 December 2013.\n', 'ARTICLES177\n on January 15, 2007 www.sciencemag.orgDownloaded from \nBIOM 255 (Leffert) – Discussion Feb. 1, 2007', 'SCIENCE,VOL.235\n on January 15, 2007 www.sciencemag.orgDownloaded from \nBIOM 255 (Leffert) – Discussion Feb. 1, 2007\nView publication stats', '0 0.6-\n00.\nOX 0.4-\n` 0.2-\namplified(n=52)\nAmplified(n=34)\nA\nNotamplified(n=52)\nAmplified(n=34)\nB\n12 24 36 48 60 72 84\nNotamplified(n=52)\nAmplified(n=11)\n>5copies\nC\nNotamplified(n=52)\nAmplified(n=11)\n>5copies\nD\n12 24 36 48 60 72 84\nTime(months)\nARTICLES 179\n on January 15, 2007 www.sciencemag.orgDownloaded from \nBIOM 255 (Leffert) – Discussion Feb. 1, 2007'])","('mode', <RetrievalEvalMode.TEXT: 'text'>)","('metric_dict', {'hit_rate': RetrievalMetricResult(score=1.0, metadata={}), 'mrr': RetrievalMetricResult(score=0.5, metadata={}), 'precision': RetrievalMetricResult(score=0.2, metadata={}), 'recall': RetrievalMetricResult(score=1.0, metadata={}), 'ap': RetrievalMetricResult(score=0.5, metadata={}), 'ndcg': RetrievalMetricResult(score=0.6309297535714575, metadata={})})"
"('query', 'What specific enhancement has the user requested for the downloaded file?')","('expected_ids', ['575546c2-fccb-462a-8d6b-dd3ec894eeec'])","('expected_texts', None)","('retrieved_ids', ['575546c2-fccb-462a-8d6b-dd3ec894eeec', '527724bb-c508-49d3-8da4-6c0d231f63a7', '93fa4ef5-7026-4041-b5e1-619f2e88904b', '65dafcb0-4d22-4fe0-8b1e-62a475adf0d6', '75b37f54-ea5f-44a1-95f8-c11915a5dd34'])","('retrieved_texts', ['The user has requested enhancement of the downloaded file.', 'The title SCIENCE is a \nCopyrightAmerican Association for the Advancement of Science, 1200 New York Avenue NW, Washington, DC 20005. \nScience (print ISSN 0036-8075; online ISSN 1095-9203) is published weekly, except the last week in December, by the\n on January 15, 2007 www.sciencemag.orgDownloaded from \nBIOM 255 (Leffert) – Discussion Feb. 1, 2007', 'SCIENCE,VOL.235\n on January 15, 2007 www.sciencemag.orgDownloaded from \nBIOM 255 (Leffert) – Discussion Feb. 1, 2007\nView publication stats', 'ARTICLES177\n on January 15, 2007 www.sciencemag.orgDownloaded from \nBIOM 255 (Leffert) – Discussion Feb. 1, 2007', '1, 2007'])","('mode', <RetrievalEvalMode.TEXT: 'text'>)","('metric_dict', {'hit_rate': RetrievalMetricResult(score=1.0, metadata={}), 'mrr': RetrievalMetricResult(score=1.0, metadata={}), 'precision': RetrievalMetricResult(score=0.2, metadata={}), 'recall': RetrievalMetricResult(score=1.0, metadata={}), 'ap': RetrievalMetricResult(score=1.0, metadata={}), 'ndcg': RetrievalMetricResult(score=1.0, metadata={})})"
"('query', ""How does the context information indicate the user's intent regarding the file?"")","('expected_ids', ['575546c2-fccb-462a-8d6b-dd3ec894eeec'])","('expected_texts', None)","('retrieved_ids', ['575546c2-fccb-462a-8d6b-dd3ec894eeec', '527724bb-c508-49d3-8da4-6c0d231f63a7', '93fa4ef5-7026-4041-b5e1-619f2e88904b', '65dafcb0-4d22-4fe0-8b1e-62a475adf0d6', '75b37f54-ea5f-44a1-95f8-c11915a5dd34'])","('retrieved_texts', ['The user has requested enhancement of the downloaded file.', 'The title SCIENCE is a \nCopyrightAmerican Association for the Advancement of Science, 1200 New York Avenue NW, Washington, DC 20005. \nScience (print ISSN 0036-8075; online ISSN 1095-9203) is published weekly, except the last week in December, by the\n on January 15, 2007 www.sciencemag.orgDownloaded from \nBIOM 255 (Leffert) – Discussion Feb. 1, 2007', 'SCIENCE,VOL.235\n on January 15, 2007 www.sciencemag.orgDownloaded from \nBIOM 255 (Leffert) – Discussion Feb. 1, 2007\nView publication stats', 'ARTICLES177\n on January 15, 2007 www.sciencemag.orgDownloaded from \nBIOM 255 (Leffert) – Discussion Feb. 1, 2007', '1, 2007'])","('mode', <RetrievalEvalMode.TEXT: 'text'>)","('metric_dict', {'hit_rate': RetrievalMetricResult(score=1.0, metadata={}), 'mrr': RetrievalMetricResult(score=1.0, metadata={}), 'precision': RetrievalMetricResult(score=0.2, metadata={}), 'recall': RetrievalMetricResult(score=1.0, metadata={}), 'ap': RetrievalMetricResult(score=1.0, metadata={}), 'ndcg': RetrievalMetricResult(score=1.0, metadata={})})"
"('query', '**Question 1:** According to the article by Slamon et al. (1987), what is the correlation between the amplification of the HER-2/neu oncogene and the survival of patients with human breast cancer?')","('expected_ids', ['c3117da0-bbcf-4c2b-9c6e-235dec480653'])","('expected_texts', None)","('retrieved_ids', ['b26198e3-9070-4c1a-ad96-31a524d27dd4', '527724bb-c508-49d3-8da4-6c0d231f63a7', 'd9e088f6-7337-402d-97d8-8a516e0a4175', 'c3117da0-bbcf-4c2b-9c6e-235dec480653', '93fa4ef5-7026-4041-b5e1-619f2e88904b'])","('retrieved_texts', ['See discussions, stats, and author profiles for this publication at: https://www.researchgate.net/publication/19364043\nSlamon DJ, Clark GM, Wong SG, Levin WJ, Ullrich A, McGuire WLHuman breast\ncancer: correlation of relapse and survival with ampliﬁcation of the HER-2/neu\noncogene. Science (Wash DC...\nArticle\xa0\xa0in \xa0\xa0Science · February 1987\nDOI: 10.1126/science.3798106\xa0·\xa0Source: PubMed\nCITATIONS\n9,964\nREADS\n28,987\n6 authors, including:\nGary Clark\nGary Clark Statistical Consulting, LLC\n363 PUBLICATIONS\xa0\xa0\xa069,736 CITATIONS\xa0\xa0\xa0\nSEE PROFILE\nSteven G Wong\nUniversity of California, Los Angeles\n24 PUBLICATIONS\xa0\xa0\xa024,943 CITATIONS\xa0\xa0\xa0\nSEE PROFILE\nWendy Levin\nFate Therapeutics, Inc.\n25 PUBLICATIONS\xa0\xa0\xa017,944 CITATIONS\xa0\xa0\xa0\nSEE PROFILE\nAll content following this page was uploaded by Gary Clark on 23 December 2013.\n', 'The title SCIENCE is a \nCopyrightAmerican Association for the Advancement of Science, 1200 New York Avenue NW, Washington, DC 20005. \nScience (print ISSN 0036-8075; online ISSN 1095-9203) is published weekly, except the last week in December, by the\n on January 15, 2007 www.sciencemag.orgDownloaded from \nBIOM 255 (Leffert) – Discussion Feb. 1, 2007', '0 0.6-\n00.\nOX 0.4-\n` 0.2-\namplified(n=52)\nAmplified(n=34)\nA\nNotamplified(n=52)\nAmplified(n=34)\nB\n12 24 36 48 60 72 84\nNotamplified(n=52)\nAmplified(n=11)\n>5copies\nC\nNotamplified(n=52)\nAmplified(n=11)\n>5copies\nD\n12 24 36 48 60 72 84\nTime(months)\nARTICLES 179\n on January 15, 2007 www.sciencemag.orgDownloaded from \nBIOM 255 (Leffert) – Discussion Feb. 1, 2007', 'DOI: 10.1126/science.3798106 \n, 177 (1987); 235Science\n  et al.DJ Slamon,\noncogene\nsurvival with amplification of the HER-2/neu \nHuman breast cancer: correlation of relapse and\n www.sciencemag.org (this information is current as of January 15, 2007 ):\nThe following resources related to this article are available online at\n http://www.sciencemag.org\nversion of this article at: \n including high-resolution figures, can be found in the onlineUpdated information and services,\n http://www.sciencemag.org#otherarticles\n, 15 of which can be accessed for free: cites 37 articlesThis article \n http://www.sciencemag.org#otherarticles\n 99 articles hosted by HighWire Press; see: cited byThis article has been \n http://www.sciencemag.org/help/about/permissions.dtl\n in whole or in part can be found at: this article\npermission to reproduce of this article or about obtaining reprintsInformation about obtaining \nregistered trademark of AAAS. \nc 2006 by the American Association for the Advancement of Science; all rights reserved. ', 'SCIENCE,VOL.235\n on January 15, 2007 www.sciencemag.orgDownloaded from \nBIOM 255 (Leffert) – Discussion Feb. 1, 2007\nView publication stats'])","('mode', <RetrievalEvalMode.TEXT: 'text'>)","('metric_dict', {'hit_rate': RetrievalMetricResult(score=1.0, metadata={}), 'mrr': RetrievalMetricResult(score=0.25, metadata={}), 'precision': RetrievalMetricResult(score=0.2, metadata={}), 'recall': RetrievalMetricResult(score=1.0, metadata={}), 'ap': RetrievalMetricResult(score=0.25, metadata={}), 'ndcg': RetrievalMetricResult(score=0.43067655807339306, metadata={})})"
"('query', '**Question 2:** How many articles are cited in the study by Slamon et al. (1987), and where can additional related resources be accessed online?')","('expected_ids', ['c3117da0-bbcf-4c2b-9c6e-235dec480653'])","('expected_texts', None)","('retrieved_ids', ['527724bb-c508-49d3-8da4-6c0d231f63a7', 'b26198e3-9070-4c1a-ad96-31a524d27dd4', '93fa4ef5-7026-4041-b5e1-619f2e88904b', '65dafcb0-4d22-4fe0-8b1e-62a475adf0d6', '575546c2-fccb-462a-8d6b-dd3ec894eeec'])","('retrieved_texts', ['The title SCIENCE is a \nCopyrightAmerican Association for the Advancement of Science, 1200 New York Avenue NW, Washington, DC 20005. \nScience (print ISSN 0036-8075; online ISSN 1095-9203) is published weekly, except the last week in December, by the\n on January 15, 2007 www.sciencemag.orgDownloaded from \nBIOM 255 (Leffert) – Discussion Feb. 1, 2007', 'See discussions, stats, and author profiles for this publication at: https://www.researchgate.net/publication/19364043\nSlamon DJ, Clark GM, Wong SG, Levin WJ, Ullrich A, McGuire WLHuman breast\ncancer: correlation of relapse and survival with ampliﬁcation of the HER-2/neu\noncogene. Science (Wash DC...\nArticle\xa0\xa0in \xa0\xa0Science · February 1987\nDOI: 10.1126/science.3798106\xa0·\xa0Source: PubMed\nCITATIONS\n9,964\nREADS\n28,987\n6 authors, including:\nGary Clark\nGary Clark Statistical Consulting, LLC\n363 PUBLICATIONS\xa0\xa0\xa069,736 CITATIONS\xa0\xa0\xa0\nSEE PROFILE\nSteven G Wong\nUniversity of California, Los Angeles\n24 PUBLICATIONS\xa0\xa0\xa024,943 CITATIONS\xa0\xa0\xa0\nSEE PROFILE\nWendy Levin\nFate Therapeutics, Inc.\n25 PUBLICATIONS\xa0\xa0\xa017,944 CITATIONS\xa0\xa0\xa0\nSEE PROFILE\nAll content following this page was uploaded by Gary Clark on 23 December 2013.\n', 'SCIENCE,VOL.235\n on January 15, 2007 www.sciencemag.orgDownloaded from \nBIOM 255 (Leffert) – Discussion Feb. 1, 2007\nView publication stats', 'ARTICLES177\n on January 15, 2007 www.sciencemag.orgDownloaded from \nBIOM 255 (Leffert) – Discussion Feb. 1, 2007', 'The user has requested enhancement of the downloaded file.'])","('mode', <RetrievalEvalMode.TEXT: 'text'>)","('metric_dict', {'hit_rate': RetrievalMetricResult(score=0.0, metadata={}), 'mrr': RetrievalMetricResult(score=0.0, metadata={}), 'precision': RetrievalMetricResult(score=0.0, metadata={}), 'recall': RetrievalMetricResult(score=0.0, metadata={}), 'ap': RetrievalMetricResult(score=0.0, metadata={}), 'ndcg': RetrievalMetricResult(score=0.0, metadata={})})"
"('query', 'What is the print ISSN for the journal *Science*, and how frequently is it published?')","('expected_ids', ['527724bb-c508-49d3-8da4-6c0d231f63a7'])","('expected_texts', None)","('retrieved_ids', ['527724bb-c508-49d3-8da4-6c0d231f63a7', '575546c2-fccb-462a-8d6b-dd3ec894eeec', '93fa4ef5-7026-4041-b5e1-619f2e88904b', '65dafcb0-4d22-4fe0-8b1e-62a475adf0d6', 'b26198e3-9070-4c1a-ad96-31a524d27dd4'])","('retrieved_texts', ['The title SCIENCE is a \nCopyrightAmerican Association for the Advancement of Science, 1200 New York Avenue NW, Washington, DC 20005. \nScience (print ISSN 0036-8075; online ISSN 1095-9203) is published weekly, except the last week in December, by the\n on January 15, 2007 www.sciencemag.orgDownloaded from \nBIOM 255 (Leffert) – Discussion Feb. 1, 2007', 'The user has requested enhancement of the downloaded file.', 'SCIENCE,VOL.235\n on January 15, 2007 www.sciencemag.orgDownloaded from \nBIOM 255 (Leffert) – Discussion Feb. 1, 2007\nView publication stats', 'ARTICLES177\n on January 15, 2007 www.sciencemag.orgDownloaded from \nBIOM 255 (Leffert) – Discussion Feb. 1, 2007', 'See discussions, stats, and author profiles for this publication at: https://www.researchgate.net/publication/19364043\nSlamon DJ, Clark GM, Wong SG, Levin WJ, Ullrich A, McGuire WLHuman breast\ncancer: correlation of relapse and survival with ampliﬁcation of the HER-2/neu\noncogene. Science (Wash DC...\nArticle\xa0\xa0in \xa0\xa0Science · February 1987\nDOI: 10.1126/science.3798106\xa0·\xa0Source: PubMed\nCITATIONS\n9,964\nREADS\n28,987\n6 authors, including:\nGary Clark\nGary Clark Statistical Consulting, LLC\n363 PUBLICATIONS\xa0\xa0\xa069,736 CITATIONS\xa0\xa0\xa0\nSEE PROFILE\nSteven G Wong\nUniversity of California, Los Angeles\n24 PUBLICATIONS\xa0\xa0\xa024,943 CITATIONS\xa0\xa0\xa0\nSEE PROFILE\nWendy Levin\nFate Therapeutics, Inc.\n25 PUBLICATIONS\xa0\xa0\xa017,944 CITATIONS\xa0\xa0\xa0\nSEE PROFILE\nAll content following this page was uploaded by Gary Clark on 23 December 2013.\n'])","('mode', <RetrievalEvalMode.TEXT: 'text'>)","('metric_dict', {'hit_rate': RetrievalMetricResult(score=1.0, metadata={}), 'mrr': RetrievalMetricResult(score=1.0, metadata={}), 'precision': RetrievalMetricResult(score=0.2, metadata={}), 'recall': RetrievalMetricResult(score=1.0, metadata={}), 'ap': RetrievalMetricResult(score=1.0, metadata={}), 'ndcg': RetrievalMetricResult(score=1.0, metadata={})})"
"('query', 'On what date was the document from BIOM 255 (Leffert) discussed, and what is the address of the American Association for the Advancement of Science?')","('expected_ids', ['527724bb-c508-49d3-8da4-6c0d231f63a7'])","('expected_texts', None)","('retrieved_ids', ['527724bb-c508-49d3-8da4-6c0d231f63a7', '65dafcb0-4d22-4fe0-8b1e-62a475adf0d6', '93fa4ef5-7026-4041-b5e1-619f2e88904b', 'b26198e3-9070-4c1a-ad96-31a524d27dd4', 'c3117da0-bbcf-4c2b-9c6e-235dec480653'])","('retrieved_texts', ['The title SCIENCE is a \nCopyrightAmerican Association for the Advancement of Science, 1200 New York Avenue NW, Washington, DC 20005. \nScience (print ISSN 0036-8075; online ISSN 1095-9203) is published weekly, except the last week in December, by the\n on January 15, 2007 www.sciencemag.orgDownloaded from \nBIOM 255 (Leffert) – Discussion Feb. 1, 2007', 'ARTICLES177\n on January 15, 2007 www.sciencemag.orgDownloaded from \nBIOM 255 (Leffert) – Discussion Feb. 1, 2007', 'SCIENCE,VOL.235\n on January 15, 2007 www.sciencemag.orgDownloaded from \nBIOM 255 (Leffert) – Discussion Feb. 1, 2007\nView publication stats', 'See discussions, stats, and author profiles for this publication at: https://www.researchgate.net/publication/19364043\nSlamon DJ, Clark GM, Wong SG, Levin WJ, Ullrich A, McGuire WLHuman breast\ncancer: correlation of relapse and survival with ampliﬁcation of the HER-2/neu\noncogene. Science (Wash DC...\nArticle\xa0\xa0in \xa0\xa0Science · February 1987\nDOI: 10.1126/science.3798106\xa0·\xa0Source: PubMed\nCITATIONS\n9,964\nREADS\n28,987\n6 authors, including:\nGary Clark\nGary Clark Statistical Consulting, LLC\n363 PUBLICATIONS\xa0\xa0\xa069,736 CITATIONS\xa0\xa0\xa0\nSEE PROFILE\nSteven G Wong\nUniversity of California, Los Angeles\n24 PUBLICATIONS\xa0\xa0\xa024,943 CITATIONS\xa0\xa0\xa0\nSEE PROFILE\nWendy Levin\nFate Therapeutics, Inc.\n25 PUBLICATIONS\xa0\xa0\xa017,944 CITATIONS\xa0\xa0\xa0\nSEE PROFILE\nAll content following this page was uploaded by Gary Clark on 23 December 2013.\n', 'DOI: 10.1126/science.3798106 \n, 177 (1987); 235Science\n  et al.DJ Slamon,\noncogene\nsurvival with amplification of the HER-2/neu \nHuman breast cancer: correlation of relapse and\n www.sciencemag.org (this information is current as of January 15, 2007 ):\nThe following resources related to this article are available online at\n http://www.sciencemag.org\nversion of this article at: \n including high-resolution figures, can be found in the onlineUpdated information and services,\n http://www.sciencemag.org#otherarticles\n, 15 of which can be accessed for free: cites 37 articlesThis article \n http://www.sciencemag.org#otherarticles\n 99 articles hosted by HighWire Press; see: cited byThis article has been \n http://www.sciencemag.org/help/about/permissions.dtl\n in whole or in part can be found at: this article\npermission to reproduce of this article or about obtaining reprintsInformation about obtaining \nregistered trademark of AAAS. \nc 2006 by the American Association for the Advancement of Science; all rights reserved. '])","('mode', <RetrievalEvalMode.TEXT: 'text'>)","('metric_dict', {'hit_rate': RetrievalMetricResult(score=1.0, metadata={}), 'mrr': RetrievalMetricResult(score=1.0, metadata={}), 'precision': RetrievalMetricResult(score=0.2, metadata={}), 'recall': RetrievalMetricResult(score=1.0, metadata={}), 'ap': RetrievalMetricResult(score=1.0, metadata={}), 'ndcg': RetrievalMetricResult(score=1.0, metadata={})})"
"('query', '**Question 1 (Analytical):**')","('expected_ids', ['ce059327-a15c-4dbf-9e06-39921c20aa00'])","('expected_texts', None)","('retrieved_ids', ['527724bb-c508-49d3-8da4-6c0d231f63a7', '93fa4ef5-7026-4041-b5e1-619f2e88904b', '65dafcb0-4d22-4fe0-8b1e-62a475adf0d6', '75b37f54-ea5f-44a1-95f8-c11915a5dd34', '575546c2-fccb-462a-8d6b-dd3ec894eeec'])","('retrieved_texts', ['The title SCIENCE is a \nCopyrightAmerican Association for the Advancement of Science, 1200 New York Avenue NW, Washington, DC 20005. \nScience (print ISSN 0036-8075; online ISSN 1095-9203) is published weekly, except the last week in December, by the\n on January 15, 2007 www.sciencemag.orgDownloaded from \nBIOM 255 (Leffert) – Discussion Feb. 1, 2007', 'SCIENCE,VOL.235\n on January 15, 2007 www.sciencemag.orgDownloaded from \nBIOM 255 (Leffert) – Discussion Feb. 1, 2007\nView publication stats', 'ARTICLES177\n on January 15, 2007 www.sciencemag.orgDownloaded from \nBIOM 255 (Leffert) – Discussion Feb. 1, 2007', '1, 2007', 'The user has requested enhancement of the downloaded file.'])","('mode', <RetrievalEvalMode.TEXT: 'text'>)","('metric_dict', {'hit_rate': RetrievalMetricResult(score=0.0, metadata={}), 'mrr': RetrievalMetricResult(score=0.0, metadata={}), 'precision': RetrievalMetricResult(score=0.0, metadata={}), 'recall': RetrievalMetricResult(score=0.0, metadata={}), 'ap': RetrievalMetricResult(score=0.0, metadata={}), 'ndcg': RetrievalMetricResult(score=0.0, metadata={})})"
"('query', 'Based on the study findings, how does the amplification of the HER-2/neu oncogene correlate with overall survival and time to relapse in breast cancer patients? Discuss its prognostic significance compared to other known factors such as hormonal-receptor status and lymph node involvement.')","('expected_ids', ['ce059327-a15c-4dbf-9e06-39921c20aa00'])","('expected_texts', None)","('retrieved_ids', ['b26198e3-9070-4c1a-ad96-31a524d27dd4', '527724bb-c508-49d3-8da4-6c0d231f63a7', 'd9e088f6-7337-402d-97d8-8a516e0a4175', '93fa4ef5-7026-4041-b5e1-619f2e88904b', 'c3117da0-bbcf-4c2b-9c6e-235dec480653'])","('retrieved_texts', ['See discussions, stats, and author profiles for this publication at: https://www.researchgate.net/publication/19364043\nSlamon DJ, Clark GM, Wong SG, Levin WJ, Ullrich A, McGuire WLHuman breast\ncancer: correlation of relapse and survival with ampliﬁcation of the HER-2/neu\noncogene. Science (Wash DC...\nArticle\xa0\xa0in \xa0\xa0Science · February 1987\nDOI: 10.1126/science.3798106\xa0·\xa0Source: PubMed\nCITATIONS\n9,964\nREADS\n28,987\n6 authors, including:\nGary Clark\nGary Clark Statistical Consulting, LLC\n363 PUBLICATIONS\xa0\xa0\xa069,736 CITATIONS\xa0\xa0\xa0\nSEE PROFILE\nSteven G Wong\nUniversity of California, Los Angeles\n24 PUBLICATIONS\xa0\xa0\xa024,943 CITATIONS\xa0\xa0\xa0\nSEE PROFILE\nWendy Levin\nFate Therapeutics, Inc.\n25 PUBLICATIONS\xa0\xa0\xa017,944 CITATIONS\xa0\xa0\xa0\nSEE PROFILE\nAll content following this page was uploaded by Gary Clark on 23 December 2013.\n', 'The title SCIENCE is a \nCopyrightAmerican Association for the Advancement of Science, 1200 New York Avenue NW, Washington, DC 20005. \nScience (print ISSN 0036-8075; online ISSN 1095-9203) is published weekly, except the last week in December, by the\n on January 15, 2007 www.sciencemag.orgDownloaded from \nBIOM 255 (Leffert) – Discussion Feb. 1, 2007', '0 0.6-\n00.\nOX 0.4-\n` 0.2-\namplified(n=52)\nAmplified(n=34)\nA\nNotamplified(n=52)\nAmplified(n=34)\nB\n12 24 36 48 60 72 84\nNotamplified(n=52)\nAmplified(n=11)\n>5copies\nC\nNotamplified(n=52)\nAmplified(n=11)\n>5copies\nD\n12 24 36 48 60 72 84\nTime(months)\nARTICLES 179\n on January 15, 2007 www.sciencemag.orgDownloaded from \nBIOM 255 (Leffert) – Discussion Feb. 1, 2007', 'SCIENCE,VOL.235\n on January 15, 2007 www.sciencemag.orgDownloaded from \nBIOM 255 (Leffert) – Discussion Feb. 1, 2007\nView publication stats', 'DOI: 10.1126/science.3798106 \n, 177 (1987); 235Science\n  et al.DJ Slamon,\noncogene\nsurvival with amplification of the HER-2/neu \nHuman breast cancer: correlation of relapse and\n www.sciencemag.org (this information is current as of January 15, 2007 ):\nThe following resources related to this article are available online at\n http://www.sciencemag.org\nversion of this article at: \n including high-resolution figures, can be found in the onlineUpdated information and services,\n http://www.sciencemag.org#otherarticles\n, 15 of which can be accessed for free: cites 37 articlesThis article \n http://www.sciencemag.org#otherarticles\n 99 articles hosted by HighWire Press; see: cited byThis article has been \n http://www.sciencemag.org/help/about/permissions.dtl\n in whole or in part can be found at: this article\npermission to reproduce of this article or about obtaining reprintsInformation about obtaining \nregistered trademark of AAAS. \nc 2006 by the American Association for the Advancement of Science; all rights reserved. '])","('mode', <RetrievalEvalMode.TEXT: 'text'>)","('metric_dict', {'hit_rate': RetrievalMetricResult(score=0.0, metadata={}), 'mrr': RetrievalMetricResult(score=0.0, metadata={}), 'precision': RetrievalMetricResult(score=0.0, metadata={}), 'recall': RetrievalMetricResult(score=0.0, metadata={}), 'ap': RetrievalMetricResult(score=0.0, metadata={}), 'ndcg': RetrievalMetricResult(score=0.0, metadata={})})"
"('query', 'On which date was the article from www.sciencemag.org accessed, as mentioned in the context?')","('expected_ids', ['65dafcb0-4d22-4fe0-8b1e-62a475adf0d6'])","('expected_texts', None)","('retrieved_ids', ['527724bb-c508-49d3-8da4-6c0d231f63a7', '65dafcb0-4d22-4fe0-8b1e-62a475adf0d6', '93fa4ef5-7026-4041-b5e1-619f2e88904b', '575546c2-fccb-462a-8d6b-dd3ec894eeec', 'c3117da0-bbcf-4c2b-9c6e-235dec480653'])","('retrieved_texts', ['The title SCIENCE is a \nCopyrightAmerican Association for the Advancement of Science, 1200 New York Avenue NW, Washington, DC 20005. \nScience (print ISSN 0036-8075; online ISSN 1095-9203) is published weekly, except the last week in December, by the\n on January 15, 2007 www.sciencemag.orgDownloaded from \nBIOM 255 (Leffert) – Discussion Feb. 1, 2007', 'ARTICLES177\n on January 15, 2007 www.sciencemag.orgDownloaded from \nBIOM 255 (Leffert) – Discussion Feb. 1, 2007', 'SCIENCE,VOL.235\n on January 15, 2007 www.sciencemag.orgDownloaded from \nBIOM 255 (Leffert) – Discussion Feb. 1, 2007\nView publication stats', 'The user has requested enhancement of the downloaded file.', 'DOI: 10.1126/science.3798106 \n, 177 (1987); 235Science\n  et al.DJ Slamon,\noncogene\nsurvival with amplification of the HER-2/neu \nHuman breast cancer: correlation of relapse and\n www.sciencemag.org (this information is current as of January 15, 2007 ):\nThe following resources related to this article are available online at\n http://www.sciencemag.org\nversion of this article at: \n including high-resolution figures, can be found in the onlineUpdated information and services,\n http://www.sciencemag.org#otherarticles\n, 15 of which can be accessed for free: cites 37 articlesThis article \n http://www.sciencemag.org#otherarticles\n 99 articles hosted by HighWire Press; see: cited byThis article has been \n http://www.sciencemag.org/help/about/permissions.dtl\n in whole or in part can be found at: this article\npermission to reproduce of this article or about obtaining reprintsInformation about obtaining \nregistered trademark of AAAS. \nc 2006 by the American Association for the Advancement of Science; all rights reserved. '])","('mode', <RetrievalEvalMode.TEXT: 'text'>)","('metric_dict', {'hit_rate': RetrievalMetricResult(score=1.0, metadata={}), 'mrr': RetrievalMetricResult(score=0.5, metadata={}), 'precision': RetrievalMetricResult(score=0.2, metadata={}), 'recall': RetrievalMetricResult(score=1.0, metadata={}), 'ap': RetrievalMetricResult(score=0.5, metadata={}), 'ndcg': RetrievalMetricResult(score=0.6309297535714575, metadata={})})"
"('query', ""What is the course code and instructor's name associated with the discussion scheduled for February 1, 2007?"")","('expected_ids', ['65dafcb0-4d22-4fe0-8b1e-62a475adf0d6'])","('expected_texts', None)","('retrieved_ids', ['527724bb-c508-49d3-8da4-6c0d231f63a7', '65dafcb0-4d22-4fe0-8b1e-62a475adf0d6', '93fa4ef5-7026-4041-b5e1-619f2e88904b', '575546c2-fccb-462a-8d6b-dd3ec894eeec', 'b26198e3-9070-4c1a-ad96-31a524d27dd4'])","('retrieved_texts', ['The title SCIENCE is a \nCopyrightAmerican Association for the Advancement of Science, 1200 New York Avenue NW, Washington, DC 20005. \nScience (print ISSN 0036-8075; online ISSN 1095-9203) is published weekly, except the last week in December, by the\n on January 15, 2007 www.sciencemag.orgDownloaded from \nBIOM 255 (Leffert) – Discussion Feb. 1, 2007', 'ARTICLES177\n on January 15, 2007 www.sciencemag.orgDownloaded from \nBIOM 255 (Leffert) – Discussion Feb. 1, 2007', 'SCIENCE,VOL.235\n on January 15, 2007 www.sciencemag.orgDownloaded from \nBIOM 255 (Leffert) – Discussion Feb. 1, 2007\nView publication stats', 'The user has requested enhancement of the downloaded file.', 'See discussions, stats, and author profiles for this publication at: https://www.researchgate.net/publication/19364043\nSlamon DJ, Clark GM, Wong SG, Levin WJ, Ullrich A, McGuire WLHuman breast\ncancer: correlation of relapse and survival with ampliﬁcation of the HER-2/neu\noncogene. Science (Wash DC...\nArticle\xa0\xa0in \xa0\xa0Science · February 1987\nDOI: 10.1126/science.3798106\xa0·\xa0Source: PubMed\nCITATIONS\n9,964\nREADS\n28,987\n6 authors, including:\nGary Clark\nGary Clark Statistical Consulting, LLC\n363 PUBLICATIONS\xa0\xa0\xa069,736 CITATIONS\xa0\xa0\xa0\nSEE PROFILE\nSteven G Wong\nUniversity of California, Los Angeles\n24 PUBLICATIONS\xa0\xa0\xa024,943 CITATIONS\xa0\xa0\xa0\nSEE PROFILE\nWendy Levin\nFate Therapeutics, Inc.\n25 PUBLICATIONS\xa0\xa0\xa017,944 CITATIONS\xa0\xa0\xa0\nSEE PROFILE\nAll content following this page was uploaded by Gary Clark on 23 December 2013.\n'])","('mode', <RetrievalEvalMode.TEXT: 'text'>)","('metric_dict', {'hit_rate': RetrievalMetricResult(score=1.0, metadata={}), 'mrr': RetrievalMetricResult(score=0.5, metadata={}), 'precision': RetrievalMetricResult(score=0.2, metadata={}), 'recall': RetrievalMetricResult(score=1.0, metadata={}), 'ap': RetrievalMetricResult(score=0.5, metadata={}), 'ndcg': RetrievalMetricResult(score=0.6309297535714575, metadata={})})"
"('query', '**Question 1:**')","('expected_ids', ['5549aa45-f876-41ee-aed2-42c1bc6e195f'])","('expected_texts', None)","('retrieved_ids', ['75b37f54-ea5f-44a1-95f8-c11915a5dd34', '07ec425f-e53b-410c-bc18-05543a24645f', '527724bb-c508-49d3-8da4-6c0d231f63a7', '65dafcb0-4d22-4fe0-8b1e-62a475adf0d6', '93fa4ef5-7026-4041-b5e1-619f2e88904b'])","('retrieved_texts', ['1, 2007', '1, 2007', 'The title SCIENCE is a \nCopyrightAmerican Association for the Advancement of Science, 1200 New York Avenue NW, Washington, DC 20005. \nScience (print ISSN 0036-8075; online ISSN 1095-9203) is published weekly, except the last week in December, by the\n on January 15, 2007 www.sciencemag.orgDownloaded from \nBIOM 255 (Leffert) – Discussion Feb. 1, 2007', 'ARTICLES177\n on January 15, 2007 www.sciencemag.orgDownloaded from \nBIOM 255 (Leffert) – Discussion Feb. 1, 2007', 'SCIENCE,VOL.235\n on January 15, 2007 www.sciencemag.orgDownloaded from \nBIOM 255 (Leffert) – Discussion Feb. 1, 2007\nView publication stats'])","('mode', <RetrievalEvalMode.TEXT: 'text'>)","('metric_dict', {'hit_rate': RetrievalMetricResult(score=0.0, metadata={}), 'mrr': RetrievalMetricResult(score=0.0, metadata={}), 'precision': RetrievalMetricResult(score=0.0, metadata={}), 'recall': RetrievalMetricResult(score=0.0, metadata={}), 'ap': RetrievalMetricResult(score=0.0, metadata={}), 'ndcg': RetrievalMetricResult(score=0.0, metadata={})})"
"('query', 'Based on the study described, what are the four major factors known to be important in the prognosis of breast malignancies in individual patients?')","('expected_ids', ['5549aa45-f876-41ee-aed2-42c1bc6e195f'])","('expected_texts', None)","('retrieved_ids', ['527724bb-c508-49d3-8da4-6c0d231f63a7', 'd9e088f6-7337-402d-97d8-8a516e0a4175', 'b26198e3-9070-4c1a-ad96-31a524d27dd4', '93fa4ef5-7026-4041-b5e1-619f2e88904b', '65dafcb0-4d22-4fe0-8b1e-62a475adf0d6'])","('retrieved_texts', ['The title SCIENCE is a \nCopyrightAmerican Association for the Advancement of Science, 1200 New York Avenue NW, Washington, DC 20005. \nScience (print ISSN 0036-8075; online ISSN 1095-9203) is published weekly, except the last week in December, by the\n on January 15, 2007 www.sciencemag.orgDownloaded from \nBIOM 255 (Leffert) – Discussion Feb. 1, 2007', '0 0.6-\n00.\nOX 0.4-\n` 0.2-\namplified(n=52)\nAmplified(n=34)\nA\nNotamplified(n=52)\nAmplified(n=34)\nB\n12 24 36 48 60 72 84\nNotamplified(n=52)\nAmplified(n=11)\n>5copies\nC\nNotamplified(n=52)\nAmplified(n=11)\n>5copies\nD\n12 24 36 48 60 72 84\nTime(months)\nARTICLES 179\n on January 15, 2007 www.sciencemag.orgDownloaded from \nBIOM 255 (Leffert) – Discussion Feb. 1, 2007', 'See discussions, stats, and author profiles for this publication at: https://www.researchgate.net/publication/19364043\nSlamon DJ, Clark GM, Wong SG, Levin WJ, Ullrich A, McGuire WLHuman breast\ncancer: correlation of relapse and survival with ampliﬁcation of the HER-2/neu\noncogene. Science (Wash DC...\nArticle\xa0\xa0in \xa0\xa0Science · February 1987\nDOI: 10.1126/science.3798106\xa0·\xa0Source: PubMed\nCITATIONS\n9,964\nREADS\n28,987\n6 authors, including:\nGary Clark\nGary Clark Statistical Consulting, LLC\n363 PUBLICATIONS\xa0\xa0\xa069,736 CITATIONS\xa0\xa0\xa0\nSEE PROFILE\nSteven G Wong\nUniversity of California, Los Angeles\n24 PUBLICATIONS\xa0\xa0\xa024,943 CITATIONS\xa0\xa0\xa0\nSEE PROFILE\nWendy Levin\nFate Therapeutics, Inc.\n25 PUBLICATIONS\xa0\xa0\xa017,944 CITATIONS\xa0\xa0\xa0\nSEE PROFILE\nAll content following this page was uploaded by Gary Clark on 23 December 2013.\n', 'SCIENCE,VOL.235\n on January 15, 2007 www.sciencemag.orgDownloaded from \nBIOM 255 (Leffert) – Discussion Feb. 1, 2007\nView publication stats', 'ARTICLES177\n on January 15, 2007 www.sciencemag.orgDownloaded from \nBIOM 255 (Leffert) – Discussion Feb. 1, 2007'])","('mode', <RetrievalEvalMode.TEXT: 'text'>)","('metric_dict', {'hit_rate': RetrievalMetricResult(score=0.0, metadata={}), 'mrr': RetrievalMetricResult(score=0.0, metadata={}), 'precision': RetrievalMetricResult(score=0.0, metadata={}), 'recall': RetrievalMetricResult(score=0.0, metadata={}), 'ap': RetrievalMetricResult(score=0.0, metadata={}), 'ndcg': RetrievalMetricResult(score=0.0, metadata={})})"
"('query', 'What significant event or development occurred in the year 2007 based on the provided context?')","('expected_ids', ['75b37f54-ea5f-44a1-95f8-c11915a5dd34'])","('expected_texts', None)","('retrieved_ids', ['527724bb-c508-49d3-8da4-6c0d231f63a7', '65dafcb0-4d22-4fe0-8b1e-62a475adf0d6', '93fa4ef5-7026-4041-b5e1-619f2e88904b', '575546c2-fccb-462a-8d6b-dd3ec894eeec', 'b26198e3-9070-4c1a-ad96-31a524d27dd4'])","('retrieved_texts', ['The title SCIENCE is a \nCopyrightAmerican Association for the Advancement of Science, 1200 New York Avenue NW, Washington, DC 20005. \nScience (print ISSN 0036-8075; online ISSN 1095-9203) is published weekly, except the last week in December, by the\n on January 15, 2007 www.sciencemag.orgDownloaded from \nBIOM 255 (Leffert) – Discussion Feb. 1, 2007', 'ARTICLES177\n on January 15, 2007 www.sciencemag.orgDownloaded from \nBIOM 255 (Leffert) – Discussion Feb. 1, 2007', 'SCIENCE,VOL.235\n on January 15, 2007 www.sciencemag.orgDownloaded from \nBIOM 255 (Leffert) – Discussion Feb. 1, 2007\nView publication stats', 'The user has requested enhancement of the downloaded file.', 'See discussions, stats, and author profiles for this publication at: https://www.researchgate.net/publication/19364043\nSlamon DJ, Clark GM, Wong SG, Levin WJ, Ullrich A, McGuire WLHuman breast\ncancer: correlation of relapse and survival with ampliﬁcation of the HER-2/neu\noncogene. Science (Wash DC...\nArticle\xa0\xa0in \xa0\xa0Science · February 1987\nDOI: 10.1126/science.3798106\xa0·\xa0Source: PubMed\nCITATIONS\n9,964\nREADS\n28,987\n6 authors, including:\nGary Clark\nGary Clark Statistical Consulting, LLC\n363 PUBLICATIONS\xa0\xa0\xa069,736 CITATIONS\xa0\xa0\xa0\nSEE PROFILE\nSteven G Wong\nUniversity of California, Los Angeles\n24 PUBLICATIONS\xa0\xa0\xa024,943 CITATIONS\xa0\xa0\xa0\nSEE PROFILE\nWendy Levin\nFate Therapeutics, Inc.\n25 PUBLICATIONS\xa0\xa0\xa017,944 CITATIONS\xa0\xa0\xa0\nSEE PROFILE\nAll content following this page was uploaded by Gary Clark on 23 December 2013.\n'])","('mode', <RetrievalEvalMode.TEXT: 'text'>)","('metric_dict', {'hit_rate': RetrievalMetricResult(score=0.0, metadata={}), 'mrr': RetrievalMetricResult(score=0.0, metadata={}), 'precision': RetrievalMetricResult(score=0.0, metadata={}), 'recall': RetrievalMetricResult(score=0.0, metadata={}), 'ap': RetrievalMetricResult(score=0.0, metadata={}), 'ndcg': RetrievalMetricResult(score=0.0, metadata={})})"
"('query', 'How might the year 2007 be relevant or notable in historical or cultural contexts?')","('expected_ids', ['75b37f54-ea5f-44a1-95f8-c11915a5dd34'])","('expected_texts', None)","('retrieved_ids', ['527724bb-c508-49d3-8da4-6c0d231f63a7', '93fa4ef5-7026-4041-b5e1-619f2e88904b', '65dafcb0-4d22-4fe0-8b1e-62a475adf0d6', '575546c2-fccb-462a-8d6b-dd3ec894eeec', 'b26198e3-9070-4c1a-ad96-31a524d27dd4'])","('retrieved_texts', ['The title SCIENCE is a \nCopyrightAmerican Association for the Advancement of Science, 1200 New York Avenue NW, Washington, DC 20005. \nScience (print ISSN 0036-8075; online ISSN 1095-9203) is published weekly, except the last week in December, by the\n on January 15, 2007 www.sciencemag.orgDownloaded from \nBIOM 255 (Leffert) – Discussion Feb. 1, 2007', 'SCIENCE,VOL.235\n on January 15, 2007 www.sciencemag.orgDownloaded from \nBIOM 255 (Leffert) – Discussion Feb. 1, 2007\nView publication stats', 'ARTICLES177\n on January 15, 2007 www.sciencemag.orgDownloaded from \nBIOM 255 (Leffert) – Discussion Feb. 1, 2007', 'The user has requested enhancement of the downloaded file.', 'See discussions, stats, and author profiles for this publication at: https://www.researchgate.net/publication/19364043\nSlamon DJ, Clark GM, Wong SG, Levin WJ, Ullrich A, McGuire WLHuman breast\ncancer: correlation of relapse and survival with ampliﬁcation of the HER-2/neu\noncogene. Science (Wash DC...\nArticle\xa0\xa0in \xa0\xa0Science · February 1987\nDOI: 10.1126/science.3798106\xa0·\xa0Source: PubMed\nCITATIONS\n9,964\nREADS\n28,987\n6 authors, including:\nGary Clark\nGary Clark Statistical Consulting, LLC\n363 PUBLICATIONS\xa0\xa0\xa069,736 CITATIONS\xa0\xa0\xa0\nSEE PROFILE\nSteven G Wong\nUniversity of California, Los Angeles\n24 PUBLICATIONS\xa0\xa0\xa024,943 CITATIONS\xa0\xa0\xa0\nSEE PROFILE\nWendy Levin\nFate Therapeutics, Inc.\n25 PUBLICATIONS\xa0\xa0\xa017,944 CITATIONS\xa0\xa0\xa0\nSEE PROFILE\nAll content following this page was uploaded by Gary Clark on 23 December 2013.\n'])","('mode', <RetrievalEvalMode.TEXT: 'text'>)","('metric_dict', {'hit_rate': RetrievalMetricResult(score=0.0, metadata={}), 'mrr': RetrievalMetricResult(score=0.0, metadata={}), 'precision': RetrievalMetricResult(score=0.0, metadata={}), 'recall': RetrievalMetricResult(score=0.0, metadata={}), 'ap': RetrievalMetricResult(score=0.0, metadata={}), 'ndcg': RetrievalMetricResult(score=0.0, metadata={})})"
"('query', '**Question 1 (Analytical/Interpretation):**')","('expected_ids', ['54002b42-a0ae-41a3-b79e-2fc4e87de4a1'])","('expected_texts', None)","('retrieved_ids', ['527724bb-c508-49d3-8da4-6c0d231f63a7', 'd9e088f6-7337-402d-97d8-8a516e0a4175', '65dafcb0-4d22-4fe0-8b1e-62a475adf0d6', 'b26198e3-9070-4c1a-ad96-31a524d27dd4', '93fa4ef5-7026-4041-b5e1-619f2e88904b'])","('retrieved_texts', ['The title SCIENCE is a \nCopyrightAmerican Association for the Advancement of Science, 1200 New York Avenue NW, Washington, DC 20005. \nScience (print ISSN 0036-8075; online ISSN 1095-9203) is published weekly, except the last week in December, by the\n on January 15, 2007 www.sciencemag.orgDownloaded from \nBIOM 255 (Leffert) – Discussion Feb. 1, 2007', '0 0.6-\n00.\nOX 0.4-\n` 0.2-\namplified(n=52)\nAmplified(n=34)\nA\nNotamplified(n=52)\nAmplified(n=34)\nB\n12 24 36 48 60 72 84\nNotamplified(n=52)\nAmplified(n=11)\n>5copies\nC\nNotamplified(n=52)\nAmplified(n=11)\n>5copies\nD\n12 24 36 48 60 72 84\nTime(months)\nARTICLES 179\n on January 15, 2007 www.sciencemag.orgDownloaded from \nBIOM 255 (Leffert) – Discussion Feb. 1, 2007', 'ARTICLES177\n on January 15, 2007 www.sciencemag.orgDownloaded from \nBIOM 255 (Leffert) – Discussion Feb. 1, 2007', 'See discussions, stats, and author profiles for this publication at: https://www.researchgate.net/publication/19364043\nSlamon DJ, Clark GM, Wong SG, Levin WJ, Ullrich A, McGuire WLHuman breast\ncancer: correlation of relapse and survival with ampliﬁcation of the HER-2/neu\noncogene. Science (Wash DC...\nArticle\xa0\xa0in \xa0\xa0Science · February 1987\nDOI: 10.1126/science.3798106\xa0·\xa0Source: PubMed\nCITATIONS\n9,964\nREADS\n28,987\n6 authors, including:\nGary Clark\nGary Clark Statistical Consulting, LLC\n363 PUBLICATIONS\xa0\xa0\xa069,736 CITATIONS\xa0\xa0\xa0\nSEE PROFILE\nSteven G Wong\nUniversity of California, Los Angeles\n24 PUBLICATIONS\xa0\xa0\xa024,943 CITATIONS\xa0\xa0\xa0\nSEE PROFILE\nWendy Levin\nFate Therapeutics, Inc.\n25 PUBLICATIONS\xa0\xa0\xa017,944 CITATIONS\xa0\xa0\xa0\nSEE PROFILE\nAll content following this page was uploaded by Gary Clark on 23 December 2013.\n', 'SCIENCE,VOL.235\n on January 15, 2007 www.sciencemag.orgDownloaded from \nBIOM 255 (Leffert) – Discussion Feb. 1, 2007\nView publication stats'])","('mode', <RetrievalEvalMode.TEXT: 'text'>)","('metric_dict', {'hit_rate': RetrievalMetricResult(score=0.0, metadata={}), 'mrr': RetrievalMetricResult(score=0.0, metadata={}), 'precision': RetrievalMetricResult(score=0.0, metadata={}), 'recall': RetrievalMetricResult(score=0.0, metadata={}), 'ap': RetrievalMetricResult(score=0.0, metadata={}), 'ndcg': RetrievalMetricResult(score=0.0, metadata={})})"
"('query', 'Based on the dilutional analysis in Fig. 2(A), explain how the degree of HER-2/neu gene amplification was assessed in the breast tumor DNA samples. Specifically, compare the results from lanes a, g, k, and p, and discuss the significance of the serial dilutions performed in lanes b-f, h-j, and l-o.')","('expected_ids', ['54002b42-a0ae-41a3-b79e-2fc4e87de4a1'])","('expected_texts', None)","('retrieved_ids', ['527724bb-c508-49d3-8da4-6c0d231f63a7', '93fa4ef5-7026-4041-b5e1-619f2e88904b', 'd9e088f6-7337-402d-97d8-8a516e0a4175', 'b26198e3-9070-4c1a-ad96-31a524d27dd4', '65dafcb0-4d22-4fe0-8b1e-62a475adf0d6'])","('retrieved_texts', ['The title SCIENCE is a \nCopyrightAmerican Association for the Advancement of Science, 1200 New York Avenue NW, Washington, DC 20005. \nScience (print ISSN 0036-8075; online ISSN 1095-9203) is published weekly, except the last week in December, by the\n on January 15, 2007 www.sciencemag.orgDownloaded from \nBIOM 255 (Leffert) – Discussion Feb. 1, 2007', 'SCIENCE,VOL.235\n on January 15, 2007 www.sciencemag.orgDownloaded from \nBIOM 255 (Leffert) – Discussion Feb. 1, 2007\nView publication stats', '0 0.6-\n00.\nOX 0.4-\n` 0.2-\namplified(n=52)\nAmplified(n=34)\nA\nNotamplified(n=52)\nAmplified(n=34)\nB\n12 24 36 48 60 72 84\nNotamplified(n=52)\nAmplified(n=11)\n>5copies\nC\nNotamplified(n=52)\nAmplified(n=11)\n>5copies\nD\n12 24 36 48 60 72 84\nTime(months)\nARTICLES 179\n on January 15, 2007 www.sciencemag.orgDownloaded from \nBIOM 255 (Leffert) – Discussion Feb. 1, 2007', 'See discussions, stats, and author profiles for this publication at: https://www.researchgate.net/publication/19364043\nSlamon DJ, Clark GM, Wong SG, Levin WJ, Ullrich A, McGuire WLHuman breast\ncancer: correlation of relapse and survival with ampliﬁcation of the HER-2/neu\noncogene. Science (Wash DC...\nArticle\xa0\xa0in \xa0\xa0Science · February 1987\nDOI: 10.1126/science.3798106\xa0·\xa0Source: PubMed\nCITATIONS\n9,964\nREADS\n28,987\n6 authors, including:\nGary Clark\nGary Clark Statistical Consulting, LLC\n363 PUBLICATIONS\xa0\xa0\xa069,736 CITATIONS\xa0\xa0\xa0\nSEE PROFILE\nSteven G Wong\nUniversity of California, Los Angeles\n24 PUBLICATIONS\xa0\xa0\xa024,943 CITATIONS\xa0\xa0\xa0\nSEE PROFILE\nWendy Levin\nFate Therapeutics, Inc.\n25 PUBLICATIONS\xa0\xa0\xa017,944 CITATIONS\xa0\xa0\xa0\nSEE PROFILE\nAll content following this page was uploaded by Gary Clark on 23 December 2013.\n', 'ARTICLES177\n on January 15, 2007 www.sciencemag.orgDownloaded from \nBIOM 255 (Leffert) – Discussion Feb. 1, 2007'])","('mode', <RetrievalEvalMode.TEXT: 'text'>)","('metric_dict', {'hit_rate': RetrievalMetricResult(score=0.0, metadata={}), 'mrr': RetrievalMetricResult(score=0.0, metadata={}), 'precision': RetrievalMetricResult(score=0.0, metadata={}), 'recall': RetrievalMetricResult(score=0.0, metadata={}), 'ap': RetrievalMetricResult(score=0.0, metadata={}), 'ndcg': RetrievalMetricResult(score=0.0, metadata={})})"
"('query', '**Question 1:** Based on the provided context, what is the difference in the number of amplified cases between groups A and C, and what might this suggest about the amplification process over time?')","('expected_ids', ['d9e088f6-7337-402d-97d8-8a516e0a4175'])","('expected_texts', None)","('retrieved_ids', ['d9e088f6-7337-402d-97d8-8a516e0a4175', 'b26198e3-9070-4c1a-ad96-31a524d27dd4', '527724bb-c508-49d3-8da4-6c0d231f63a7', '93fa4ef5-7026-4041-b5e1-619f2e88904b', '65dafcb0-4d22-4fe0-8b1e-62a475adf0d6'])","('retrieved_texts', ['0 0.6-\n00.\nOX 0.4-\n` 0.2-\namplified(n=52)\nAmplified(n=34)\nA\nNotamplified(n=52)\nAmplified(n=34)\nB\n12 24 36 48 60 72 84\nNotamplified(n=52)\nAmplified(n=11)\n>5copies\nC\nNotamplified(n=52)\nAmplified(n=11)\n>5copies\nD\n12 24 36 48 60 72 84\nTime(months)\nARTICLES 179\n on January 15, 2007 www.sciencemag.orgDownloaded from \nBIOM 255 (Leffert) – Discussion Feb. 1, 2007', 'See discussions, stats, and author profiles for this publication at: https://www.researchgate.net/publication/19364043\nSlamon DJ, Clark GM, Wong SG, Levin WJ, Ullrich A, McGuire WLHuman breast\ncancer: correlation of relapse and survival with ampliﬁcation of the HER-2/neu\noncogene. Science (Wash DC...\nArticle\xa0\xa0in \xa0\xa0Science · February 1987\nDOI: 10.1126/science.3798106\xa0·\xa0Source: PubMed\nCITATIONS\n9,964\nREADS\n28,987\n6 authors, including:\nGary Clark\nGary Clark Statistical Consulting, LLC\n363 PUBLICATIONS\xa0\xa0\xa069,736 CITATIONS\xa0\xa0\xa0\nSEE PROFILE\nSteven G Wong\nUniversity of California, Los Angeles\n24 PUBLICATIONS\xa0\xa0\xa024,943 CITATIONS\xa0\xa0\xa0\nSEE PROFILE\nWendy Levin\nFate Therapeutics, Inc.\n25 PUBLICATIONS\xa0\xa0\xa017,944 CITATIONS\xa0\xa0\xa0\nSEE PROFILE\nAll content following this page was uploaded by Gary Clark on 23 December 2013.\n', 'The title SCIENCE is a \nCopyrightAmerican Association for the Advancement of Science, 1200 New York Avenue NW, Washington, DC 20005. \nScience (print ISSN 0036-8075; online ISSN 1095-9203) is published weekly, except the last week in December, by the\n on January 15, 2007 www.sciencemag.orgDownloaded from \nBIOM 255 (Leffert) – Discussion Feb. 1, 2007', 'SCIENCE,VOL.235\n on January 15, 2007 www.sciencemag.orgDownloaded from \nBIOM 255 (Leffert) – Discussion Feb. 1, 2007\nView publication stats', 'ARTICLES177\n on January 15, 2007 www.sciencemag.orgDownloaded from \nBIOM 255 (Leffert) – Discussion Feb. 1, 2007'])","('mode', <RetrievalEvalMode.TEXT: 'text'>)","('metric_dict', {'hit_rate': RetrievalMetricResult(score=1.0, metadata={}), 'mrr': RetrievalMetricResult(score=1.0, metadata={}), 'precision': RetrievalMetricResult(score=0.2, metadata={}), 'recall': RetrievalMetricResult(score=1.0, metadata={}), 'ap': RetrievalMetricResult(score=1.0, metadata={}), 'ndcg': RetrievalMetricResult(score=1.0, metadata={})})"
"('query', '**Question 2:** Referring to the time axis in the context, what trend can be observed in the data points across the 12 to 84-month period, and how might this relate to the amplification status of the samples?')","('expected_ids', ['d9e088f6-7337-402d-97d8-8a516e0a4175'])","('expected_texts', None)","('retrieved_ids', ['527724bb-c508-49d3-8da4-6c0d231f63a7', 'd9e088f6-7337-402d-97d8-8a516e0a4175', '93fa4ef5-7026-4041-b5e1-619f2e88904b', 'b26198e3-9070-4c1a-ad96-31a524d27dd4', '65dafcb0-4d22-4fe0-8b1e-62a475adf0d6'])","('retrieved_texts', ['The title SCIENCE is a \nCopyrightAmerican Association for the Advancement of Science, 1200 New York Avenue NW, Washington, DC 20005. \nScience (print ISSN 0036-8075; online ISSN 1095-9203) is published weekly, except the last week in December, by the\n on January 15, 2007 www.sciencemag.orgDownloaded from \nBIOM 255 (Leffert) – Discussion Feb. 1, 2007', '0 0.6-\n00.\nOX 0.4-\n` 0.2-\namplified(n=52)\nAmplified(n=34)\nA\nNotamplified(n=52)\nAmplified(n=34)\nB\n12 24 36 48 60 72 84\nNotamplified(n=52)\nAmplified(n=11)\n>5copies\nC\nNotamplified(n=52)\nAmplified(n=11)\n>5copies\nD\n12 24 36 48 60 72 84\nTime(months)\nARTICLES 179\n on January 15, 2007 www.sciencemag.orgDownloaded from \nBIOM 255 (Leffert) – Discussion Feb. 1, 2007', 'SCIENCE,VOL.235\n on January 15, 2007 www.sciencemag.orgDownloaded from \nBIOM 255 (Leffert) – Discussion Feb. 1, 2007\nView publication stats', 'See discussions, stats, and author profiles for this publication at: https://www.researchgate.net/publication/19364043\nSlamon DJ, Clark GM, Wong SG, Levin WJ, Ullrich A, McGuire WLHuman breast\ncancer: correlation of relapse and survival with ampliﬁcation of the HER-2/neu\noncogene. Science (Wash DC...\nArticle\xa0\xa0in \xa0\xa0Science · February 1987\nDOI: 10.1126/science.3798106\xa0·\xa0Source: PubMed\nCITATIONS\n9,964\nREADS\n28,987\n6 authors, including:\nGary Clark\nGary Clark Statistical Consulting, LLC\n363 PUBLICATIONS\xa0\xa0\xa069,736 CITATIONS\xa0\xa0\xa0\nSEE PROFILE\nSteven G Wong\nUniversity of California, Los Angeles\n24 PUBLICATIONS\xa0\xa0\xa024,943 CITATIONS\xa0\xa0\xa0\nSEE PROFILE\nWendy Levin\nFate Therapeutics, Inc.\n25 PUBLICATIONS\xa0\xa0\xa017,944 CITATIONS\xa0\xa0\xa0\nSEE PROFILE\nAll content following this page was uploaded by Gary Clark on 23 December 2013.\n', 'ARTICLES177\n on January 15, 2007 www.sciencemag.orgDownloaded from \nBIOM 255 (Leffert) – Discussion Feb. 1, 2007'])","('mode', <RetrievalEvalMode.TEXT: 'text'>)","('metric_dict', {'hit_rate': RetrievalMetricResult(score=1.0, metadata={}), 'mrr': RetrievalMetricResult(score=0.5, metadata={}), 'precision': RetrievalMetricResult(score=0.2, metadata={}), 'recall': RetrievalMetricResult(score=1.0, metadata={}), 'ap': RetrievalMetricResult(score=0.5, metadata={}), 'ndcg': RetrievalMetricResult(score=0.6309297535714575, metadata={})})"
"('query', '**Question 1 (Analytical):**')","('expected_ids', ['6cb4db9f-0aae-432e-832f-4f5f87e3957b'])","('expected_texts', None)","('retrieved_ids', ['527724bb-c508-49d3-8da4-6c0d231f63a7', '93fa4ef5-7026-4041-b5e1-619f2e88904b', '65dafcb0-4d22-4fe0-8b1e-62a475adf0d6', '75b37f54-ea5f-44a1-95f8-c11915a5dd34', '575546c2-fccb-462a-8d6b-dd3ec894eeec'])","('retrieved_texts', ['The title SCIENCE is a \nCopyrightAmerican Association for the Advancement of Science, 1200 New York Avenue NW, Washington, DC 20005. \nScience (print ISSN 0036-8075; online ISSN 1095-9203) is published weekly, except the last week in December, by the\n on January 15, 2007 www.sciencemag.orgDownloaded from \nBIOM 255 (Leffert) – Discussion Feb. 1, 2007', 'SCIENCE,VOL.235\n on January 15, 2007 www.sciencemag.orgDownloaded from \nBIOM 255 (Leffert) – Discussion Feb. 1, 2007\nView publication stats', 'ARTICLES177\n on January 15, 2007 www.sciencemag.orgDownloaded from \nBIOM 255 (Leffert) – Discussion Feb. 1, 2007', '1, 2007', 'The user has requested enhancement of the downloaded file.'])","('mode', <RetrievalEvalMode.TEXT: 'text'>)","('metric_dict', {'hit_rate': RetrievalMetricResult(score=0.0, metadata={}), 'mrr': RetrievalMetricResult(score=0.0, metadata={}), 'precision': RetrievalMetricResult(score=0.0, metadata={}), 'recall': RetrievalMetricResult(score=0.0, metadata={}), 'ap': RetrievalMetricResult(score=0.0, metadata={}), 'ndcg': RetrievalMetricResult(score=0.0, metadata={})})"
"('query', 'Based on the univariate survival analyses, how does the amplification of the HER-2/neu gene correlate with disease relapse and overall survival in breast cancer patients? Provide specific statistical evidence from the context to support your answer.')","('expected_ids', ['6cb4db9f-0aae-432e-832f-4f5f87e3957b'])","('expected_texts', None)","('retrieved_ids', ['527724bb-c508-49d3-8da4-6c0d231f63a7', 'b26198e3-9070-4c1a-ad96-31a524d27dd4', 'd9e088f6-7337-402d-97d8-8a516e0a4175', '93fa4ef5-7026-4041-b5e1-619f2e88904b', '65dafcb0-4d22-4fe0-8b1e-62a475adf0d6'])","('retrieved_texts', ['The title SCIENCE is a \nCopyrightAmerican Association for the Advancement of Science, 1200 New York Avenue NW, Washington, DC 20005. \nScience (print ISSN 0036-8075; online ISSN 1095-9203) is published weekly, except the last week in December, by the\n on January 15, 2007 www.sciencemag.orgDownloaded from \nBIOM 255 (Leffert) – Discussion Feb. 1, 2007', 'See discussions, stats, and author profiles for this publication at: https://www.researchgate.net/publication/19364043\nSlamon DJ, Clark GM, Wong SG, Levin WJ, Ullrich A, McGuire WLHuman breast\ncancer: correlation of relapse and survival with ampliﬁcation of the HER-2/neu\noncogene. Science (Wash DC...\nArticle\xa0\xa0in \xa0\xa0Science · February 1987\nDOI: 10.1126/science.3798106\xa0·\xa0Source: PubMed\nCITATIONS\n9,964\nREADS\n28,987\n6 authors, including:\nGary Clark\nGary Clark Statistical Consulting, LLC\n363 PUBLICATIONS\xa0\xa0\xa069,736 CITATIONS\xa0\xa0\xa0\nSEE PROFILE\nSteven G Wong\nUniversity of California, Los Angeles\n24 PUBLICATIONS\xa0\xa0\xa024,943 CITATIONS\xa0\xa0\xa0\nSEE PROFILE\nWendy Levin\nFate Therapeutics, Inc.\n25 PUBLICATIONS\xa0\xa0\xa017,944 CITATIONS\xa0\xa0\xa0\nSEE PROFILE\nAll content following this page was uploaded by Gary Clark on 23 December 2013.\n', '0 0.6-\n00.\nOX 0.4-\n` 0.2-\namplified(n=52)\nAmplified(n=34)\nA\nNotamplified(n=52)\nAmplified(n=34)\nB\n12 24 36 48 60 72 84\nNotamplified(n=52)\nAmplified(n=11)\n>5copies\nC\nNotamplified(n=52)\nAmplified(n=11)\n>5copies\nD\n12 24 36 48 60 72 84\nTime(months)\nARTICLES 179\n on January 15, 2007 www.sciencemag.orgDownloaded from \nBIOM 255 (Leffert) – Discussion Feb. 1, 2007', 'SCIENCE,VOL.235\n on January 15, 2007 www.sciencemag.orgDownloaded from \nBIOM 255 (Leffert) – Discussion Feb. 1, 2007\nView publication stats', 'ARTICLES177\n on January 15, 2007 www.sciencemag.orgDownloaded from \nBIOM 255 (Leffert) – Discussion Feb. 1, 2007'])","('mode', <RetrievalEvalMode.TEXT: 'text'>)","('metric_dict', {'hit_rate': RetrievalMetricResult(score=0.0, metadata={}), 'mrr': RetrievalMetricResult(score=0.0, metadata={}), 'precision': RetrievalMetricResult(score=0.0, metadata={}), 'recall': RetrievalMetricResult(score=0.0, metadata={}), 'ap': RetrievalMetricResult(score=0.0, metadata={}), 'ndcg': RetrievalMetricResult(score=0.0, metadata={})})"
"('query', '**Question 1:** Based on the context provided, what statistical test was used to analyze the correlation of HER-2/neu amplification with various disease parameters, and why were the cases combined into two groups (5 to 20 and >20)?')","('expected_ids', ['5bc17ac4-25a3-4095-a2b6-181f1b659690'])","('expected_texts', None)","('retrieved_ids', ['d9e088f6-7337-402d-97d8-8a516e0a4175', 'b26198e3-9070-4c1a-ad96-31a524d27dd4', '527724bb-c508-49d3-8da4-6c0d231f63a7', '93fa4ef5-7026-4041-b5e1-619f2e88904b', '65dafcb0-4d22-4fe0-8b1e-62a475adf0d6'])","('retrieved_texts', ['0 0.6-\n00.\nOX 0.4-\n` 0.2-\namplified(n=52)\nAmplified(n=34)\nA\nNotamplified(n=52)\nAmplified(n=34)\nB\n12 24 36 48 60 72 84\nNotamplified(n=52)\nAmplified(n=11)\n>5copies\nC\nNotamplified(n=52)\nAmplified(n=11)\n>5copies\nD\n12 24 36 48 60 72 84\nTime(months)\nARTICLES 179\n on January 15, 2007 www.sciencemag.orgDownloaded from \nBIOM 255 (Leffert) – Discussion Feb. 1, 2007', 'See discussions, stats, and author profiles for this publication at: https://www.researchgate.net/publication/19364043\nSlamon DJ, Clark GM, Wong SG, Levin WJ, Ullrich A, McGuire WLHuman breast\ncancer: correlation of relapse and survival with ampliﬁcation of the HER-2/neu\noncogene. Science (Wash DC...\nArticle\xa0\xa0in \xa0\xa0Science · February 1987\nDOI: 10.1126/science.3798106\xa0·\xa0Source: PubMed\nCITATIONS\n9,964\nREADS\n28,987\n6 authors, including:\nGary Clark\nGary Clark Statistical Consulting, LLC\n363 PUBLICATIONS\xa0\xa0\xa069,736 CITATIONS\xa0\xa0\xa0\nSEE PROFILE\nSteven G Wong\nUniversity of California, Los Angeles\n24 PUBLICATIONS\xa0\xa0\xa024,943 CITATIONS\xa0\xa0\xa0\nSEE PROFILE\nWendy Levin\nFate Therapeutics, Inc.\n25 PUBLICATIONS\xa0\xa0\xa017,944 CITATIONS\xa0\xa0\xa0\nSEE PROFILE\nAll content following this page was uploaded by Gary Clark on 23 December 2013.\n', 'The title SCIENCE is a \nCopyrightAmerican Association for the Advancement of Science, 1200 New York Avenue NW, Washington, DC 20005. \nScience (print ISSN 0036-8075; online ISSN 1095-9203) is published weekly, except the last week in December, by the\n on January 15, 2007 www.sciencemag.orgDownloaded from \nBIOM 255 (Leffert) – Discussion Feb. 1, 2007', 'SCIENCE,VOL.235\n on January 15, 2007 www.sciencemag.orgDownloaded from \nBIOM 255 (Leffert) – Discussion Feb. 1, 2007\nView publication stats', 'ARTICLES177\n on January 15, 2007 www.sciencemag.orgDownloaded from \nBIOM 255 (Leffert) – Discussion Feb. 1, 2007'])","('mode', <RetrievalEvalMode.TEXT: 'text'>)","('metric_dict', {'hit_rate': RetrievalMetricResult(score=0.0, metadata={}), 'mrr': RetrievalMetricResult(score=0.0, metadata={}), 'precision': RetrievalMetricResult(score=0.0, metadata={}), 'recall': RetrievalMetricResult(score=0.0, metadata={}), 'ap': RetrievalMetricResult(score=0.0, metadata={}), 'ndcg': RetrievalMetricResult(score=0.0, metadata={})})"
"('query', '**Question 2:** In the context of the document, what is the significance of the date ""January 15, 2007,"" and how does it relate to the source of the information provided?')","('expected_ids', ['5bc17ac4-25a3-4095-a2b6-181f1b659690'])","('expected_texts', None)","('retrieved_ids', ['527724bb-c508-49d3-8da4-6c0d231f63a7', '65dafcb0-4d22-4fe0-8b1e-62a475adf0d6', 'b26198e3-9070-4c1a-ad96-31a524d27dd4', '93fa4ef5-7026-4041-b5e1-619f2e88904b', '575546c2-fccb-462a-8d6b-dd3ec894eeec'])","('retrieved_texts', ['The title SCIENCE is a \nCopyrightAmerican Association for the Advancement of Science, 1200 New York Avenue NW, Washington, DC 20005. \nScience (print ISSN 0036-8075; online ISSN 1095-9203) is published weekly, except the last week in December, by the\n on January 15, 2007 www.sciencemag.orgDownloaded from \nBIOM 255 (Leffert) – Discussion Feb. 1, 2007', 'ARTICLES177\n on January 15, 2007 www.sciencemag.orgDownloaded from \nBIOM 255 (Leffert) – Discussion Feb. 1, 2007', 'See discussions, stats, and author profiles for this publication at: https://www.researchgate.net/publication/19364043\nSlamon DJ, Clark GM, Wong SG, Levin WJ, Ullrich A, McGuire WLHuman breast\ncancer: correlation of relapse and survival with ampliﬁcation of the HER-2/neu\noncogene. Science (Wash DC...\nArticle\xa0\xa0in \xa0\xa0Science · February 1987\nDOI: 10.1126/science.3798106\xa0·\xa0Source: PubMed\nCITATIONS\n9,964\nREADS\n28,987\n6 authors, including:\nGary Clark\nGary Clark Statistical Consulting, LLC\n363 PUBLICATIONS\xa0\xa0\xa069,736 CITATIONS\xa0\xa0\xa0\nSEE PROFILE\nSteven G Wong\nUniversity of California, Los Angeles\n24 PUBLICATIONS\xa0\xa0\xa024,943 CITATIONS\xa0\xa0\xa0\nSEE PROFILE\nWendy Levin\nFate Therapeutics, Inc.\n25 PUBLICATIONS\xa0\xa0\xa017,944 CITATIONS\xa0\xa0\xa0\nSEE PROFILE\nAll content following this page was uploaded by Gary Clark on 23 December 2013.\n', 'SCIENCE,VOL.235\n on January 15, 2007 www.sciencemag.orgDownloaded from \nBIOM 255 (Leffert) – Discussion Feb. 1, 2007\nView publication stats', 'The user has requested enhancement of the downloaded file.'])","('mode', <RetrievalEvalMode.TEXT: 'text'>)","('metric_dict', {'hit_rate': RetrievalMetricResult(score=0.0, metadata={}), 'mrr': RetrievalMetricResult(score=0.0, metadata={}), 'precision': RetrievalMetricResult(score=0.0, metadata={}), 'recall': RetrievalMetricResult(score=0.0, metadata={}), 'ap': RetrievalMetricResult(score=0.0, metadata={}), 'ndcg': RetrievalMetricResult(score=0.0, metadata={})})"
"('query', '**Univariate and Multivariate Analysis Question:**')","('expected_ids', ['7504c53d-8a20-47ef-a08b-8bd599e4647b'])","('expected_texts', None)","('retrieved_ids', ['d9e088f6-7337-402d-97d8-8a516e0a4175', 'b26198e3-9070-4c1a-ad96-31a524d27dd4', '65dafcb0-4d22-4fe0-8b1e-62a475adf0d6', '93fa4ef5-7026-4041-b5e1-619f2e88904b', '527724bb-c508-49d3-8da4-6c0d231f63a7'])","('retrieved_texts', ['0 0.6-\n00.\nOX 0.4-\n` 0.2-\namplified(n=52)\nAmplified(n=34)\nA\nNotamplified(n=52)\nAmplified(n=34)\nB\n12 24 36 48 60 72 84\nNotamplified(n=52)\nAmplified(n=11)\n>5copies\nC\nNotamplified(n=52)\nAmplified(n=11)\n>5copies\nD\n12 24 36 48 60 72 84\nTime(months)\nARTICLES 179\n on January 15, 2007 www.sciencemag.orgDownloaded from \nBIOM 255 (Leffert) – Discussion Feb. 1, 2007', 'See discussions, stats, and author profiles for this publication at: https://www.researchgate.net/publication/19364043\nSlamon DJ, Clark GM, Wong SG, Levin WJ, Ullrich A, McGuire WLHuman breast\ncancer: correlation of relapse and survival with ampliﬁcation of the HER-2/neu\noncogene. Science (Wash DC...\nArticle\xa0\xa0in \xa0\xa0Science · February 1987\nDOI: 10.1126/science.3798106\xa0·\xa0Source: PubMed\nCITATIONS\n9,964\nREADS\n28,987\n6 authors, including:\nGary Clark\nGary Clark Statistical Consulting, LLC\n363 PUBLICATIONS\xa0\xa0\xa069,736 CITATIONS\xa0\xa0\xa0\nSEE PROFILE\nSteven G Wong\nUniversity of California, Los Angeles\n24 PUBLICATIONS\xa0\xa0\xa024,943 CITATIONS\xa0\xa0\xa0\nSEE PROFILE\nWendy Levin\nFate Therapeutics, Inc.\n25 PUBLICATIONS\xa0\xa0\xa017,944 CITATIONS\xa0\xa0\xa0\nSEE PROFILE\nAll content following this page was uploaded by Gary Clark on 23 December 2013.\n', 'ARTICLES177\n on January 15, 2007 www.sciencemag.orgDownloaded from \nBIOM 255 (Leffert) – Discussion Feb. 1, 2007', 'SCIENCE,VOL.235\n on January 15, 2007 www.sciencemag.orgDownloaded from \nBIOM 255 (Leffert) – Discussion Feb. 1, 2007\nView publication stats', 'The title SCIENCE is a \nCopyrightAmerican Association for the Advancement of Science, 1200 New York Avenue NW, Washington, DC 20005. \nScience (print ISSN 0036-8075; online ISSN 1095-9203) is published weekly, except the last week in December, by the\n on January 15, 2007 www.sciencemag.orgDownloaded from \nBIOM 255 (Leffert) – Discussion Feb. 1, 2007'])","('mode', <RetrievalEvalMode.TEXT: 'text'>)","('metric_dict', {'hit_rate': RetrievalMetricResult(score=0.0, metadata={}), 'mrr': RetrievalMetricResult(score=0.0, metadata={}), 'precision': RetrievalMetricResult(score=0.0, metadata={}), 'recall': RetrievalMetricResult(score=0.0, metadata={}), 'ap': RetrievalMetricResult(score=0.0, metadata={}), 'ndcg': RetrievalMetricResult(score=0.0, metadata={})})"
"('query', 'Based on the univariate and multivariate analyses in Table 4, which prognostic factor shows the highest significance (lowest P-value) for predicting relapse in node-positive breast cancer patients, and what is its regression coefficient and standard error?')","('expected_ids', ['7504c53d-8a20-47ef-a08b-8bd599e4647b'])","('expected_texts', None)","('retrieved_ids', ['b26198e3-9070-4c1a-ad96-31a524d27dd4', '527724bb-c508-49d3-8da4-6c0d231f63a7', 'd9e088f6-7337-402d-97d8-8a516e0a4175', '93fa4ef5-7026-4041-b5e1-619f2e88904b', '65dafcb0-4d22-4fe0-8b1e-62a475adf0d6'])","('retrieved_texts', ['See discussions, stats, and author profiles for this publication at: https://www.researchgate.net/publication/19364043\nSlamon DJ, Clark GM, Wong SG, Levin WJ, Ullrich A, McGuire WLHuman breast\ncancer: correlation of relapse and survival with ampliﬁcation of the HER-2/neu\noncogene. Science (Wash DC...\nArticle\xa0\xa0in \xa0\xa0Science · February 1987\nDOI: 10.1126/science.3798106\xa0·\xa0Source: PubMed\nCITATIONS\n9,964\nREADS\n28,987\n6 authors, including:\nGary Clark\nGary Clark Statistical Consulting, LLC\n363 PUBLICATIONS\xa0\xa0\xa069,736 CITATIONS\xa0\xa0\xa0\nSEE PROFILE\nSteven G Wong\nUniversity of California, Los Angeles\n24 PUBLICATIONS\xa0\xa0\xa024,943 CITATIONS\xa0\xa0\xa0\nSEE PROFILE\nWendy Levin\nFate Therapeutics, Inc.\n25 PUBLICATIONS\xa0\xa0\xa017,944 CITATIONS\xa0\xa0\xa0\nSEE PROFILE\nAll content following this page was uploaded by Gary Clark on 23 December 2013.\n', 'The title SCIENCE is a \nCopyrightAmerican Association for the Advancement of Science, 1200 New York Avenue NW, Washington, DC 20005. \nScience (print ISSN 0036-8075; online ISSN 1095-9203) is published weekly, except the last week in December, by the\n on January 15, 2007 www.sciencemag.orgDownloaded from \nBIOM 255 (Leffert) – Discussion Feb. 1, 2007', '0 0.6-\n00.\nOX 0.4-\n` 0.2-\namplified(n=52)\nAmplified(n=34)\nA\nNotamplified(n=52)\nAmplified(n=34)\nB\n12 24 36 48 60 72 84\nNotamplified(n=52)\nAmplified(n=11)\n>5copies\nC\nNotamplified(n=52)\nAmplified(n=11)\n>5copies\nD\n12 24 36 48 60 72 84\nTime(months)\nARTICLES 179\n on January 15, 2007 www.sciencemag.orgDownloaded from \nBIOM 255 (Leffert) – Discussion Feb. 1, 2007', 'SCIENCE,VOL.235\n on January 15, 2007 www.sciencemag.orgDownloaded from \nBIOM 255 (Leffert) – Discussion Feb. 1, 2007\nView publication stats', 'ARTICLES177\n on January 15, 2007 www.sciencemag.orgDownloaded from \nBIOM 255 (Leffert) – Discussion Feb. 1, 2007'])","('mode', <RetrievalEvalMode.TEXT: 'text'>)","('metric_dict', {'hit_rate': RetrievalMetricResult(score=0.0, metadata={}), 'mrr': RetrievalMetricResult(score=0.0, metadata={}), 'precision': RetrievalMetricResult(score=0.0, metadata={}), 'recall': RetrievalMetricResult(score=0.0, metadata={}), 'ap': RetrievalMetricResult(score=0.0, metadata={}), 'ndcg': RetrievalMetricResult(score=0.0, metadata={})})"
"('query', '**Question 1:** According to the references provided, which authors published their work in *Nature (London)* in 1983, and what was the specific volume and page number of their publication?')","('expected_ids', ['9cbfd6f9-68ef-4a5c-be78-ca2cd90d763f'])","('expected_texts', None)","('retrieved_ids', ['527724bb-c508-49d3-8da4-6c0d231f63a7', '93fa4ef5-7026-4041-b5e1-619f2e88904b', '65dafcb0-4d22-4fe0-8b1e-62a475adf0d6', 'b26198e3-9070-4c1a-ad96-31a524d27dd4', '575546c2-fccb-462a-8d6b-dd3ec894eeec'])","('retrieved_texts', ['The title SCIENCE is a \nCopyrightAmerican Association for the Advancement of Science, 1200 New York Avenue NW, Washington, DC 20005. \nScience (print ISSN 0036-8075; online ISSN 1095-9203) is published weekly, except the last week in December, by the\n on January 15, 2007 www.sciencemag.orgDownloaded from \nBIOM 255 (Leffert) – Discussion Feb. 1, 2007', 'SCIENCE,VOL.235\n on January 15, 2007 www.sciencemag.orgDownloaded from \nBIOM 255 (Leffert) – Discussion Feb. 1, 2007\nView publication stats', 'ARTICLES177\n on January 15, 2007 www.sciencemag.orgDownloaded from \nBIOM 255 (Leffert) – Discussion Feb. 1, 2007', 'See discussions, stats, and author profiles for this publication at: https://www.researchgate.net/publication/19364043\nSlamon DJ, Clark GM, Wong SG, Levin WJ, Ullrich A, McGuire WLHuman breast\ncancer: correlation of relapse and survival with ampliﬁcation of the HER-2/neu\noncogene. Science (Wash DC...\nArticle\xa0\xa0in \xa0\xa0Science · February 1987\nDOI: 10.1126/science.3798106\xa0·\xa0Source: PubMed\nCITATIONS\n9,964\nREADS\n28,987\n6 authors, including:\nGary Clark\nGary Clark Statistical Consulting, LLC\n363 PUBLICATIONS\xa0\xa0\xa069,736 CITATIONS\xa0\xa0\xa0\nSEE PROFILE\nSteven G Wong\nUniversity of California, Los Angeles\n24 PUBLICATIONS\xa0\xa0\xa024,943 CITATIONS\xa0\xa0\xa0\nSEE PROFILE\nWendy Levin\nFate Therapeutics, Inc.\n25 PUBLICATIONS\xa0\xa0\xa017,944 CITATIONS\xa0\xa0\xa0\nSEE PROFILE\nAll content following this page was uploaded by Gary Clark on 23 December 2013.\n', 'The user has requested enhancement of the downloaded file.'])","('mode', <RetrievalEvalMode.TEXT: 'text'>)","('metric_dict', {'hit_rate': RetrievalMetricResult(score=0.0, metadata={}), 'mrr': RetrievalMetricResult(score=0.0, metadata={}), 'precision': RetrievalMetricResult(score=0.0, metadata={}), 'recall': RetrievalMetricResult(score=0.0, metadata={}), 'ap': RetrievalMetricResult(score=0.0, metadata={}), 'ndcg': RetrievalMetricResult(score=0.0, metadata={})})"
"('query', '**Question 2:** In the context of the references listed, identify the year and journal in which the article by C.J. Sherr et al. was published, and provide the specific page number where their work can be found.')","('expected_ids', ['9cbfd6f9-68ef-4a5c-be78-ca2cd90d763f'])","('expected_texts', None)","('retrieved_ids', ['527724bb-c508-49d3-8da4-6c0d231f63a7', 'c3117da0-bbcf-4c2b-9c6e-235dec480653', '65dafcb0-4d22-4fe0-8b1e-62a475adf0d6', 'b26198e3-9070-4c1a-ad96-31a524d27dd4', '93fa4ef5-7026-4041-b5e1-619f2e88904b'])","('retrieved_texts', ['The title SCIENCE is a \nCopyrightAmerican Association for the Advancement of Science, 1200 New York Avenue NW, Washington, DC 20005. \nScience (print ISSN 0036-8075; online ISSN 1095-9203) is published weekly, except the last week in December, by the\n on January 15, 2007 www.sciencemag.orgDownloaded from \nBIOM 255 (Leffert) – Discussion Feb. 1, 2007', 'DOI: 10.1126/science.3798106 \n, 177 (1987); 235Science\n  et al.DJ Slamon,\noncogene\nsurvival with amplification of the HER-2/neu \nHuman breast cancer: correlation of relapse and\n www.sciencemag.org (this information is current as of January 15, 2007 ):\nThe following resources related to this article are available online at\n http://www.sciencemag.org\nversion of this article at: \n including high-resolution figures, can be found in the onlineUpdated information and services,\n http://www.sciencemag.org#otherarticles\n, 15 of which can be accessed for free: cites 37 articlesThis article \n http://www.sciencemag.org#otherarticles\n 99 articles hosted by HighWire Press; see: cited byThis article has been \n http://www.sciencemag.org/help/about/permissions.dtl\n in whole or in part can be found at: this article\npermission to reproduce of this article or about obtaining reprintsInformation about obtaining \nregistered trademark of AAAS. \nc 2006 by the American Association for the Advancement of Science; all rights reserved. ', 'ARTICLES177\n on January 15, 2007 www.sciencemag.orgDownloaded from \nBIOM 255 (Leffert) – Discussion Feb. 1, 2007', 'See discussions, stats, and author profiles for this publication at: https://www.researchgate.net/publication/19364043\nSlamon DJ, Clark GM, Wong SG, Levin WJ, Ullrich A, McGuire WLHuman breast\ncancer: correlation of relapse and survival with ampliﬁcation of the HER-2/neu\noncogene. Science (Wash DC...\nArticle\xa0\xa0in \xa0\xa0Science · February 1987\nDOI: 10.1126/science.3798106\xa0·\xa0Source: PubMed\nCITATIONS\n9,964\nREADS\n28,987\n6 authors, including:\nGary Clark\nGary Clark Statistical Consulting, LLC\n363 PUBLICATIONS\xa0\xa0\xa069,736 CITATIONS\xa0\xa0\xa0\nSEE PROFILE\nSteven G Wong\nUniversity of California, Los Angeles\n24 PUBLICATIONS\xa0\xa0\xa024,943 CITATIONS\xa0\xa0\xa0\nSEE PROFILE\nWendy Levin\nFate Therapeutics, Inc.\n25 PUBLICATIONS\xa0\xa0\xa017,944 CITATIONS\xa0\xa0\xa0\nSEE PROFILE\nAll content following this page was uploaded by Gary Clark on 23 December 2013.\n', 'SCIENCE,VOL.235\n on January 15, 2007 www.sciencemag.orgDownloaded from \nBIOM 255 (Leffert) – Discussion Feb. 1, 2007\nView publication stats'])","('mode', <RetrievalEvalMode.TEXT: 'text'>)","('metric_dict', {'hit_rate': RetrievalMetricResult(score=0.0, metadata={}), 'mrr': RetrievalMetricResult(score=0.0, metadata={}), 'precision': RetrievalMetricResult(score=0.0, metadata={}), 'recall': RetrievalMetricResult(score=0.0, metadata={}), 'ap': RetrievalMetricResult(score=0.0, metadata={}), 'ndcg': RetrievalMetricResult(score=0.0, metadata={})})"
"('query', 'What significant event or development occurred in the year 2007 based on the provided context?')","('expected_ids', ['07ec425f-e53b-410c-bc18-05543a24645f'])","('expected_texts', None)","('retrieved_ids', ['527724bb-c508-49d3-8da4-6c0d231f63a7', '65dafcb0-4d22-4fe0-8b1e-62a475adf0d6', '93fa4ef5-7026-4041-b5e1-619f2e88904b', '575546c2-fccb-462a-8d6b-dd3ec894eeec', 'b26198e3-9070-4c1a-ad96-31a524d27dd4'])","('retrieved_texts', ['The title SCIENCE is a \nCopyrightAmerican Association for the Advancement of Science, 1200 New York Avenue NW, Washington, DC 20005. \nScience (print ISSN 0036-8075; online ISSN 1095-9203) is published weekly, except the last week in December, by the\n on January 15, 2007 www.sciencemag.orgDownloaded from \nBIOM 255 (Leffert) – Discussion Feb. 1, 2007', 'ARTICLES177\n on January 15, 2007 www.sciencemag.orgDownloaded from \nBIOM 255 (Leffert) – Discussion Feb. 1, 2007', 'SCIENCE,VOL.235\n on January 15, 2007 www.sciencemag.orgDownloaded from \nBIOM 255 (Leffert) – Discussion Feb. 1, 2007\nView publication stats', 'The user has requested enhancement of the downloaded file.', 'See discussions, stats, and author profiles for this publication at: https://www.researchgate.net/publication/19364043\nSlamon DJ, Clark GM, Wong SG, Levin WJ, Ullrich A, McGuire WLHuman breast\ncancer: correlation of relapse and survival with ampliﬁcation of the HER-2/neu\noncogene. Science (Wash DC...\nArticle\xa0\xa0in \xa0\xa0Science · February 1987\nDOI: 10.1126/science.3798106\xa0·\xa0Source: PubMed\nCITATIONS\n9,964\nREADS\n28,987\n6 authors, including:\nGary Clark\nGary Clark Statistical Consulting, LLC\n363 PUBLICATIONS\xa0\xa0\xa069,736 CITATIONS\xa0\xa0\xa0\nSEE PROFILE\nSteven G Wong\nUniversity of California, Los Angeles\n24 PUBLICATIONS\xa0\xa0\xa024,943 CITATIONS\xa0\xa0\xa0\nSEE PROFILE\nWendy Levin\nFate Therapeutics, Inc.\n25 PUBLICATIONS\xa0\xa0\xa017,944 CITATIONS\xa0\xa0\xa0\nSEE PROFILE\nAll content following this page was uploaded by Gary Clark on 23 December 2013.\n'])","('mode', <RetrievalEvalMode.TEXT: 'text'>)","('metric_dict', {'hit_rate': RetrievalMetricResult(score=0.0, metadata={}), 'mrr': RetrievalMetricResult(score=0.0, metadata={}), 'precision': RetrievalMetricResult(score=0.0, metadata={}), 'recall': RetrievalMetricResult(score=0.0, metadata={}), 'ap': RetrievalMetricResult(score=0.0, metadata={}), 'ndcg': RetrievalMetricResult(score=0.0, metadata={})})"
"('query', 'How does the context information limit the scope of understanding about the year 2007?')","('expected_ids', ['07ec425f-e53b-410c-bc18-05543a24645f'])","('expected_texts', None)","('retrieved_ids', ['527724bb-c508-49d3-8da4-6c0d231f63a7', '93fa4ef5-7026-4041-b5e1-619f2e88904b', '575546c2-fccb-462a-8d6b-dd3ec894eeec', '65dafcb0-4d22-4fe0-8b1e-62a475adf0d6', 'b26198e3-9070-4c1a-ad96-31a524d27dd4'])","('retrieved_texts', ['The title SCIENCE is a \nCopyrightAmerican Association for the Advancement of Science, 1200 New York Avenue NW, Washington, DC 20005. \nScience (print ISSN 0036-8075; online ISSN 1095-9203) is published weekly, except the last week in December, by the\n on January 15, 2007 www.sciencemag.orgDownloaded from \nBIOM 255 (Leffert) – Discussion Feb. 1, 2007', 'SCIENCE,VOL.235\n on January 15, 2007 www.sciencemag.orgDownloaded from \nBIOM 255 (Leffert) – Discussion Feb. 1, 2007\nView publication stats', 'The user has requested enhancement of the downloaded file.', 'ARTICLES177\n on January 15, 2007 www.sciencemag.orgDownloaded from \nBIOM 255 (Leffert) – Discussion Feb. 1, 2007', 'See discussions, stats, and author profiles for this publication at: https://www.researchgate.net/publication/19364043\nSlamon DJ, Clark GM, Wong SG, Levin WJ, Ullrich A, McGuire WLHuman breast\ncancer: correlation of relapse and survival with ampliﬁcation of the HER-2/neu\noncogene. Science (Wash DC...\nArticle\xa0\xa0in \xa0\xa0Science · February 1987\nDOI: 10.1126/science.3798106\xa0·\xa0Source: PubMed\nCITATIONS\n9,964\nREADS\n28,987\n6 authors, including:\nGary Clark\nGary Clark Statistical Consulting, LLC\n363 PUBLICATIONS\xa0\xa0\xa069,736 CITATIONS\xa0\xa0\xa0\nSEE PROFILE\nSteven G Wong\nUniversity of California, Los Angeles\n24 PUBLICATIONS\xa0\xa0\xa024,943 CITATIONS\xa0\xa0\xa0\nSEE PROFILE\nWendy Levin\nFate Therapeutics, Inc.\n25 PUBLICATIONS\xa0\xa0\xa017,944 CITATIONS\xa0\xa0\xa0\nSEE PROFILE\nAll content following this page was uploaded by Gary Clark on 23 December 2013.\n'])","('mode', <RetrievalEvalMode.TEXT: 'text'>)","('metric_dict', {'hit_rate': RetrievalMetricResult(score=0.0, metadata={}), 'mrr': RetrievalMetricResult(score=0.0, metadata={}), 'precision': RetrievalMetricResult(score=0.0, metadata={}), 'recall': RetrievalMetricResult(score=0.0, metadata={}), 'ap': RetrievalMetricResult(score=0.0, metadata={}), 'ndcg': RetrievalMetricResult(score=0.0, metadata={})})"
"('query', '**Question 1:** Based on the context provided, what is the significance of using human rhinovirus 14 as a structural approximation in solving the atomic structure of Mengo virus at 3.0 Å resolution?')","('expected_ids', ['2bc795b3-0902-4604-886d-8f963651a476'])","('expected_texts', None)","('retrieved_ids', ['527724bb-c508-49d3-8da4-6c0d231f63a7', 'b26198e3-9070-4c1a-ad96-31a524d27dd4', '65dafcb0-4d22-4fe0-8b1e-62a475adf0d6', 'd9e088f6-7337-402d-97d8-8a516e0a4175', '93fa4ef5-7026-4041-b5e1-619f2e88904b'])","('retrieved_texts', ['The title SCIENCE is a \nCopyrightAmerican Association for the Advancement of Science, 1200 New York Avenue NW, Washington, DC 20005. \nScience (print ISSN 0036-8075; online ISSN 1095-9203) is published weekly, except the last week in December, by the\n on January 15, 2007 www.sciencemag.orgDownloaded from \nBIOM 255 (Leffert) – Discussion Feb. 1, 2007', 'See discussions, stats, and author profiles for this publication at: https://www.researchgate.net/publication/19364043\nSlamon DJ, Clark GM, Wong SG, Levin WJ, Ullrich A, McGuire WLHuman breast\ncancer: correlation of relapse and survival with ampliﬁcation of the HER-2/neu\noncogene. Science (Wash DC...\nArticle\xa0\xa0in \xa0\xa0Science · February 1987\nDOI: 10.1126/science.3798106\xa0·\xa0Source: PubMed\nCITATIONS\n9,964\nREADS\n28,987\n6 authors, including:\nGary Clark\nGary Clark Statistical Consulting, LLC\n363 PUBLICATIONS\xa0\xa0\xa069,736 CITATIONS\xa0\xa0\xa0\nSEE PROFILE\nSteven G Wong\nUniversity of California, Los Angeles\n24 PUBLICATIONS\xa0\xa0\xa024,943 CITATIONS\xa0\xa0\xa0\nSEE PROFILE\nWendy Levin\nFate Therapeutics, Inc.\n25 PUBLICATIONS\xa0\xa0\xa017,944 CITATIONS\xa0\xa0\xa0\nSEE PROFILE\nAll content following this page was uploaded by Gary Clark on 23 December 2013.\n', 'ARTICLES177\n on January 15, 2007 www.sciencemag.orgDownloaded from \nBIOM 255 (Leffert) – Discussion Feb. 1, 2007', '0 0.6-\n00.\nOX 0.4-\n` 0.2-\namplified(n=52)\nAmplified(n=34)\nA\nNotamplified(n=52)\nAmplified(n=34)\nB\n12 24 36 48 60 72 84\nNotamplified(n=52)\nAmplified(n=11)\n>5copies\nC\nNotamplified(n=52)\nAmplified(n=11)\n>5copies\nD\n12 24 36 48 60 72 84\nTime(months)\nARTICLES 179\n on January 15, 2007 www.sciencemag.orgDownloaded from \nBIOM 255 (Leffert) – Discussion Feb. 1, 2007', 'SCIENCE,VOL.235\n on January 15, 2007 www.sciencemag.orgDownloaded from \nBIOM 255 (Leffert) – Discussion Feb. 1, 2007\nView publication stats'])","('mode', <RetrievalEvalMode.TEXT: 'text'>)","('metric_dict', {'hit_rate': RetrievalMetricResult(score=0.0, metadata={}), 'mrr': RetrievalMetricResult(score=0.0, metadata={}), 'precision': RetrievalMetricResult(score=0.0, metadata={}), 'recall': RetrievalMetricResult(score=0.0, metadata={}), 'ap': RetrievalMetricResult(score=0.0, metadata={}), 'ndcg': RetrievalMetricResult(score=0.0, metadata={})})"
"('query', '**Question 2:** Identify two different statistical methods mentioned in the context and briefly explain their relevance in the studies cited.')","('expected_ids', ['2bc795b3-0902-4604-886d-8f963651a476'])","('expected_texts', None)","('retrieved_ids', ['527724bb-c508-49d3-8da4-6c0d231f63a7', '575546c2-fccb-462a-8d6b-dd3ec894eeec', '93fa4ef5-7026-4041-b5e1-619f2e88904b', '65dafcb0-4d22-4fe0-8b1e-62a475adf0d6', 'b26198e3-9070-4c1a-ad96-31a524d27dd4'])","('retrieved_texts', ['The title SCIENCE is a \nCopyrightAmerican Association for the Advancement of Science, 1200 New York Avenue NW, Washington, DC 20005. \nScience (print ISSN 0036-8075; online ISSN 1095-9203) is published weekly, except the last week in December, by the\n on January 15, 2007 www.sciencemag.orgDownloaded from \nBIOM 255 (Leffert) – Discussion Feb. 1, 2007', 'The user has requested enhancement of the downloaded file.', 'SCIENCE,VOL.235\n on January 15, 2007 www.sciencemag.orgDownloaded from \nBIOM 255 (Leffert) – Discussion Feb. 1, 2007\nView publication stats', 'ARTICLES177\n on January 15, 2007 www.sciencemag.orgDownloaded from \nBIOM 255 (Leffert) – Discussion Feb. 1, 2007', 'See discussions, stats, and author profiles for this publication at: https://www.researchgate.net/publication/19364043\nSlamon DJ, Clark GM, Wong SG, Levin WJ, Ullrich A, McGuire WLHuman breast\ncancer: correlation of relapse and survival with ampliﬁcation of the HER-2/neu\noncogene. Science (Wash DC...\nArticle\xa0\xa0in \xa0\xa0Science · February 1987\nDOI: 10.1126/science.3798106\xa0·\xa0Source: PubMed\nCITATIONS\n9,964\nREADS\n28,987\n6 authors, including:\nGary Clark\nGary Clark Statistical Consulting, LLC\n363 PUBLICATIONS\xa0\xa0\xa069,736 CITATIONS\xa0\xa0\xa0\nSEE PROFILE\nSteven G Wong\nUniversity of California, Los Angeles\n24 PUBLICATIONS\xa0\xa0\xa024,943 CITATIONS\xa0\xa0\xa0\nSEE PROFILE\nWendy Levin\nFate Therapeutics, Inc.\n25 PUBLICATIONS\xa0\xa0\xa017,944 CITATIONS\xa0\xa0\xa0\nSEE PROFILE\nAll content following this page was uploaded by Gary Clark on 23 December 2013.\n'])","('mode', <RetrievalEvalMode.TEXT: 'text'>)","('metric_dict', {'hit_rate': RetrievalMetricResult(score=0.0, metadata={}), 'mrr': RetrievalMetricResult(score=0.0, metadata={}), 'precision': RetrievalMetricResult(score=0.0, metadata={}), 'recall': RetrievalMetricResult(score=0.0, metadata={}), 'ap': RetrievalMetricResult(score=0.0, metadata={}), 'ndcg': RetrievalMetricResult(score=0.0, metadata={})})"
"('query', '**Question 1 (Structural Analysis):**')","('expected_ids', ['682a3483-e3fc-4b9d-a4d0-fe093626399b'])","('expected_texts', None)","('retrieved_ids', ['527724bb-c508-49d3-8da4-6c0d231f63a7', '65dafcb0-4d22-4fe0-8b1e-62a475adf0d6', '93fa4ef5-7026-4041-b5e1-619f2e88904b', '575546c2-fccb-462a-8d6b-dd3ec894eeec', '75b37f54-ea5f-44a1-95f8-c11915a5dd34'])","('retrieved_texts', ['The title SCIENCE is a \nCopyrightAmerican Association for the Advancement of Science, 1200 New York Avenue NW, Washington, DC 20005. \nScience (print ISSN 0036-8075; online ISSN 1095-9203) is published weekly, except the last week in December, by the\n on January 15, 2007 www.sciencemag.orgDownloaded from \nBIOM 255 (Leffert) – Discussion Feb. 1, 2007', 'ARTICLES177\n on January 15, 2007 www.sciencemag.orgDownloaded from \nBIOM 255 (Leffert) – Discussion Feb. 1, 2007', 'SCIENCE,VOL.235\n on January 15, 2007 www.sciencemag.orgDownloaded from \nBIOM 255 (Leffert) – Discussion Feb. 1, 2007\nView publication stats', 'The user has requested enhancement of the downloaded file.', '1, 2007'])","('mode', <RetrievalEvalMode.TEXT: 'text'>)","('metric_dict', {'hit_rate': RetrievalMetricResult(score=0.0, metadata={}), 'mrr': RetrievalMetricResult(score=0.0, metadata={}), 'precision': RetrievalMetricResult(score=0.0, metadata={}), 'recall': RetrievalMetricResult(score=0.0, metadata={}), 'ap': RetrievalMetricResult(score=0.0, metadata={}), 'ndcg': RetrievalMetricResult(score=0.0, metadata={})})"
"('query', 'Based on the context, how does the organization of the major capsid proteins (VP1, VP2, and VP3) in Mengo virus compare to that in rhinoviruses and polioviruses? What specific structural differences are highlighted in the text?')","('expected_ids', ['682a3483-e3fc-4b9d-a4d0-fe093626399b'])","('expected_texts', None)","('retrieved_ids', ['b26198e3-9070-4c1a-ad96-31a524d27dd4', '527724bb-c508-49d3-8da4-6c0d231f63a7', 'd9e088f6-7337-402d-97d8-8a516e0a4175', '93fa4ef5-7026-4041-b5e1-619f2e88904b', '65dafcb0-4d22-4fe0-8b1e-62a475adf0d6'])","('retrieved_texts', ['See discussions, stats, and author profiles for this publication at: https://www.researchgate.net/publication/19364043\nSlamon DJ, Clark GM, Wong SG, Levin WJ, Ullrich A, McGuire WLHuman breast\ncancer: correlation of relapse and survival with ampliﬁcation of the HER-2/neu\noncogene. Science (Wash DC...\nArticle\xa0\xa0in \xa0\xa0Science · February 1987\nDOI: 10.1126/science.3798106\xa0·\xa0Source: PubMed\nCITATIONS\n9,964\nREADS\n28,987\n6 authors, including:\nGary Clark\nGary Clark Statistical Consulting, LLC\n363 PUBLICATIONS\xa0\xa0\xa069,736 CITATIONS\xa0\xa0\xa0\nSEE PROFILE\nSteven G Wong\nUniversity of California, Los Angeles\n24 PUBLICATIONS\xa0\xa0\xa024,943 CITATIONS\xa0\xa0\xa0\nSEE PROFILE\nWendy Levin\nFate Therapeutics, Inc.\n25 PUBLICATIONS\xa0\xa0\xa017,944 CITATIONS\xa0\xa0\xa0\nSEE PROFILE\nAll content following this page was uploaded by Gary Clark on 23 December 2013.\n', 'The title SCIENCE is a \nCopyrightAmerican Association for the Advancement of Science, 1200 New York Avenue NW, Washington, DC 20005. \nScience (print ISSN 0036-8075; online ISSN 1095-9203) is published weekly, except the last week in December, by the\n on January 15, 2007 www.sciencemag.orgDownloaded from \nBIOM 255 (Leffert) – Discussion Feb. 1, 2007', '0 0.6-\n00.\nOX 0.4-\n` 0.2-\namplified(n=52)\nAmplified(n=34)\nA\nNotamplified(n=52)\nAmplified(n=34)\nB\n12 24 36 48 60 72 84\nNotamplified(n=52)\nAmplified(n=11)\n>5copies\nC\nNotamplified(n=52)\nAmplified(n=11)\n>5copies\nD\n12 24 36 48 60 72 84\nTime(months)\nARTICLES 179\n on January 15, 2007 www.sciencemag.orgDownloaded from \nBIOM 255 (Leffert) – Discussion Feb. 1, 2007', 'SCIENCE,VOL.235\n on January 15, 2007 www.sciencemag.orgDownloaded from \nBIOM 255 (Leffert) – Discussion Feb. 1, 2007\nView publication stats', 'ARTICLES177\n on January 15, 2007 www.sciencemag.orgDownloaded from \nBIOM 255 (Leffert) – Discussion Feb. 1, 2007'])","('mode', <RetrievalEvalMode.TEXT: 'text'>)","('metric_dict', {'hit_rate': RetrievalMetricResult(score=0.0, metadata={}), 'mrr': RetrievalMetricResult(score=0.0, metadata={}), 'precision': RetrievalMetricResult(score=0.0, metadata={}), 'recall': RetrievalMetricResult(score=0.0, metadata={}), 'ap': RetrievalMetricResult(score=0.0, metadata={}), 'ndcg': RetrievalMetricResult(score=0.0, metadata={})})"
"('query', '**What is the significance of the date January 15, 2007, in the context of the document provided?**')","('expected_ids', ['93fa4ef5-7026-4041-b5e1-619f2e88904b'])","('expected_texts', None)","('retrieved_ids', ['527724bb-c508-49d3-8da4-6c0d231f63a7', '65dafcb0-4d22-4fe0-8b1e-62a475adf0d6', '93fa4ef5-7026-4041-b5e1-619f2e88904b', 'b26198e3-9070-4c1a-ad96-31a524d27dd4', '575546c2-fccb-462a-8d6b-dd3ec894eeec'])","('retrieved_texts', ['The title SCIENCE is a \nCopyrightAmerican Association for the Advancement of Science, 1200 New York Avenue NW, Washington, DC 20005. \nScience (print ISSN 0036-8075; online ISSN 1095-9203) is published weekly, except the last week in December, by the\n on January 15, 2007 www.sciencemag.orgDownloaded from \nBIOM 255 (Leffert) – Discussion Feb. 1, 2007', 'ARTICLES177\n on January 15, 2007 www.sciencemag.orgDownloaded from \nBIOM 255 (Leffert) – Discussion Feb. 1, 2007', 'SCIENCE,VOL.235\n on January 15, 2007 www.sciencemag.orgDownloaded from \nBIOM 255 (Leffert) – Discussion Feb. 1, 2007\nView publication stats', 'See discussions, stats, and author profiles for this publication at: https://www.researchgate.net/publication/19364043\nSlamon DJ, Clark GM, Wong SG, Levin WJ, Ullrich A, McGuire WLHuman breast\ncancer: correlation of relapse and survival with ampliﬁcation of the HER-2/neu\noncogene. Science (Wash DC...\nArticle\xa0\xa0in \xa0\xa0Science · February 1987\nDOI: 10.1126/science.3798106\xa0·\xa0Source: PubMed\nCITATIONS\n9,964\nREADS\n28,987\n6 authors, including:\nGary Clark\nGary Clark Statistical Consulting, LLC\n363 PUBLICATIONS\xa0\xa0\xa069,736 CITATIONS\xa0\xa0\xa0\nSEE PROFILE\nSteven G Wong\nUniversity of California, Los Angeles\n24 PUBLICATIONS\xa0\xa0\xa024,943 CITATIONS\xa0\xa0\xa0\nSEE PROFILE\nWendy Levin\nFate Therapeutics, Inc.\n25 PUBLICATIONS\xa0\xa0\xa017,944 CITATIONS\xa0\xa0\xa0\nSEE PROFILE\nAll content following this page was uploaded by Gary Clark on 23 December 2013.\n', 'The user has requested enhancement of the downloaded file.'])","('mode', <RetrievalEvalMode.TEXT: 'text'>)","('metric_dict', {'hit_rate': RetrievalMetricResult(score=1.0, metadata={}), 'mrr': RetrievalMetricResult(score=0.3333333333333333, metadata={}), 'precision': RetrievalMetricResult(score=0.2, metadata={}), 'recall': RetrievalMetricResult(score=1.0, metadata={}), 'ap': RetrievalMetricResult(score=0.3333333333333333, metadata={}), 'ndcg': RetrievalMetricResult(score=0.5, metadata={})})"
"('query', '**Which course and discussion session are referenced in the context, and what is the associated date for this session?**')","('expected_ids', ['93fa4ef5-7026-4041-b5e1-619f2e88904b'])","('expected_texts', None)","('retrieved_ids', ['527724bb-c508-49d3-8da4-6c0d231f63a7', '65dafcb0-4d22-4fe0-8b1e-62a475adf0d6', '93fa4ef5-7026-4041-b5e1-619f2e88904b', '575546c2-fccb-462a-8d6b-dd3ec894eeec', 'b26198e3-9070-4c1a-ad96-31a524d27dd4'])","('retrieved_texts', ['The title SCIENCE is a \nCopyrightAmerican Association for the Advancement of Science, 1200 New York Avenue NW, Washington, DC 20005. \nScience (print ISSN 0036-8075; online ISSN 1095-9203) is published weekly, except the last week in December, by the\n on January 15, 2007 www.sciencemag.orgDownloaded from \nBIOM 255 (Leffert) – Discussion Feb. 1, 2007', 'ARTICLES177\n on January 15, 2007 www.sciencemag.orgDownloaded from \nBIOM 255 (Leffert) – Discussion Feb. 1, 2007', 'SCIENCE,VOL.235\n on January 15, 2007 www.sciencemag.orgDownloaded from \nBIOM 255 (Leffert) – Discussion Feb. 1, 2007\nView publication stats', 'The user has requested enhancement of the downloaded file.', 'See discussions, stats, and author profiles for this publication at: https://www.researchgate.net/publication/19364043\nSlamon DJ, Clark GM, Wong SG, Levin WJ, Ullrich A, McGuire WLHuman breast\ncancer: correlation of relapse and survival with ampliﬁcation of the HER-2/neu\noncogene. Science (Wash DC...\nArticle\xa0\xa0in \xa0\xa0Science · February 1987\nDOI: 10.1126/science.3798106\xa0·\xa0Source: PubMed\nCITATIONS\n9,964\nREADS\n28,987\n6 authors, including:\nGary Clark\nGary Clark Statistical Consulting, LLC\n363 PUBLICATIONS\xa0\xa0\xa069,736 CITATIONS\xa0\xa0\xa0\nSEE PROFILE\nSteven G Wong\nUniversity of California, Los Angeles\n24 PUBLICATIONS\xa0\xa0\xa024,943 CITATIONS\xa0\xa0\xa0\nSEE PROFILE\nWendy Levin\nFate Therapeutics, Inc.\n25 PUBLICATIONS\xa0\xa0\xa017,944 CITATIONS\xa0\xa0\xa0\nSEE PROFILE\nAll content following this page was uploaded by Gary Clark on 23 December 2013.\n'])","('mode', <RetrievalEvalMode.TEXT: 'text'>)","('metric_dict', {'hit_rate': RetrievalMetricResult(score=1.0, metadata={}), 'mrr': RetrievalMetricResult(score=0.3333333333333333, metadata={}), 'precision': RetrievalMetricResult(score=0.2, metadata={}), 'recall': RetrievalMetricResult(score=1.0, metadata={}), 'ap': RetrievalMetricResult(score=0.3333333333333333, metadata={}), 'ndcg': RetrievalMetricResult(score=0.5, metadata={})})"
